grid,degree,mode_count,eigenvalue_relative_error_mean,eigenvalue_relative_error_max_abs,wavenumber_relative_error_mean,wavenumber_relative_error_max_abs,eigenfunction_residual_mean,eigenfunction_residual_max
native-l6,1,3,-3.97614212687e-05,3.97614212688e-05,-1.98809082596e-05,1.98809082597e-05,0.000194773645294,0.0001947736453
native-l6,2,3,-0.000128802191002,0.000128802191002,-6.44031693849e-05,6.44031693849e-05,0.00110557571587,0.00110557571587
native-l6,3,3,-0.000272402591335,0.000295859011316,-0.000136210606729,0.000147940448846,0.0013571031814,0.00156847189553
native-l6,4,3,-0.000442355294449,0.000450222911727,-0.000221202116283,0.000225136799153,0.00141821872751,0.00165431985459
native-l6,5,3,-0.000644171755428,0.00074711746251,-0.000322138445793,0.000373628530394,0.00148502425641,0.00178532706095
native-l6,6,3,-0.000912206018911,0.000932644908396,-0.000456207176481,0.000466431233246,0.00164552828251,0.00210604371772
native-l6,7,3,-0.00123186169341,0.00124901026174,-0.000616120722687,0.000624700256073,0.00162131639649,0.00189318158578
native-l6,8,3,-0.00160599351541,0.0016115122188,-0.000803319426381,0.000806080992684,0.00152860866328,0.0015628661125
native-l6,9,3,-0.00202829017625,0.00204460151368,-0.00101465987212,0.00102282384115,0.00176767245663,0.00200773424391
native-l6,10,3,-0.00246110197186,0.00249091869264,-0.00123130911592,0.00124623589828,0.00186862850491,0.0021619865356
native-l6,11,3,-0.00290698154206,0.0029756015285,-0.00145454980917,0.00148890918954,0.00203761173316,0.00243819111879
native-l6,12,3,-0.00343430743137,0.00352233618994,-0.00171863250839,0.00176272168885,0.00211200028013,0.00245437317001
native-l6,13,3,-0.00403177252162,0.00411497489682,-0.00201792400705,0.00205960844188,0.00221214339911,0.00253828371004
native-l6,14,3,-0.00467492919906,0.00475343091772,-0.00234020442571,0.00237954657982,0.00206746452192,0.00216144287784
native-l6,15,3,-0.00537920152943,0.00559750986752,-0.00269323050977,0.00280268244821,0.00242058698634,0.00271892179103
native-l6,16,3,-0.00610510107829,0.00616740290982,-0.00305722482728,0.00308847078079,0.00256172501725,0.00289230537351
native-l6,17,3,-0.00683352441284,0.00694270368746,-0.00342262237876,0.00347739799213,0.00281829548544,0.00341833664419
native-l6,18,3,-0.00761612750116,0.00776339288417,-0.00381534765241,0.00388925961225,0.00284833730057,0.00325975151603
native-l6,19,3,-0.00846175240337,0.00862934666978,-0.0042398715383,0.00432402191766,0.00302377779345,0.00353274098205
native-l6,20,3,-0.00938402545217,0.00955472738868,-0.00470307838988,0.0047888301414,0.00281694791712,0.00306626516047
native-l6,21,3,-0.0103574585361,0.0104965236612,-0.00519221369459,0.00526210671414,0.00318882791418,0.00350854166204
native-l6,22,3,-0.0113234775716,0.0114974706457,-0.00567786551865,0.00576535498189,0.00330218092504,0.00358300592361
native-l6,23,3,-0.0123048249554,0.0125431299455,-0.00617147037344,0.00629135555007,0.00372772814411,0.00459030832443
native-l6,24,3,-0.0133611918764,0.0136333497151,-0.00670308034693,0.00684006812352,0.00370289263427,0.00424282696633
native-l6,25,3,-0.01447383064,0.0149410221099,-0.00726331768498,0.00749862574903,0.00398740415824,0.0048344963656
native-l6,26,3,-0.0156170248792,0.0159468360078,-0.0078392671147,0.0080054617125,0.00374644718847,0.00381695489134
native-l6,27,3,-0.0168318665269,0.0171697715548,-0.00845167772026,0.00862205569966,0.00410057189454,0.00459588738265
native-l6,28,3,-0.0181220055789,0.0184366056032,-0.00910245533191,0.00926118759947,0.00413878928549,0.00442370889396
native-l6,29,3,-0.0194133041453,0.0197471589792,-0.00975425321208,0.00992281057446,0.004588351739,0.00548221147438
native-l6,30,3,-0.0207351154509,0.0211905282121,-0.0104219006249,0.0106519966221,0.00458560427885,0.00519609521794
native-l6,31,3,-0.0220820390795,0.0224986795836,-0.0111026988686,0.0113133355727,0.00497857511801,0.00606256287551
native-l6,32,3,-0.0234829245256,0.0239392610255,-0.011811268596,0.0120421370451,0.00479911913653,0.00522410863721
native-l6,33,3,-0.0249623167139,0.0254227902295,-0.0125600906487,0.012793228462,0.00515923334875,0.00600110832883
native-l6,34,3,-0.0264526653353,0.0269490606051,-0.013315041087,0.0135665560237,0.00505592989602,0.00538461769717
native-l6,35,3,-0.0279958448323,0.0287175720685,-0.0140973637266,0.0144633807252,0.00557328525365,0.00663743905885
native-l6,36,3,-0.0295894977336,0.0301289712388,-0.0149059170033,0.0151796972233,0.00553258428964,0.00619178311005
native-l6,37,3,-0.0312201460328,0.031782171102,-0.0157339328268,0.0160193960763,0.00608159302588,0.0075226292161
native-l6,38,3,-0.0328550645856,0.0334772313929,-0.0165648291026,0.0168811014902,0.0059394536936,0.00677686921824
native-l6,39,3,-0.0344966444092,0.0352139184445,-0.0173998324559,0.0177647524368,0.00632420675229,0.00760864453918
native-l6,40,3,-0.0362701106084,0.0370016478673,-0.0183026845747,0.0186752055855,0.00618458164669,0.00687087019126
native-l6,41,3,-0.0380847866371,0.0388112115164,-0.0192273764152,0.0195976394951,0.00662624448515,0.00786044933847
native-l6,42,3,-0.0399523113891,0.040671323659,-0.020179904541,0.0205467462196,0.00651127041956,0.00718374777401
native-l6,43,3,-0.0418360488757,0.0425720748806,-0.0211416504219,0.0215175396976,0.00709829712975,0.00860999723106
native-l6,44,3,-0.0437156031909,0.0445132051906,-0.0221022219464,0.0225099515548,0.00705640496226,0.00814646447799
native-l6,45,3,-0.045638706078,0.0467200278123,-0.0230860316321,0.0236394251161,0.00757418826001,0.00937191890782
native-l6,46,3,-0.0475625762181,0.0485155374203,-0.0240712386258,0.024559349535,0.00736146602618,0.00837696819007
native-l6,47,3,-0.04960653935,0.0505761937985,-0.0251189989291,0.0256161915336,0.00781605852362,0.00939398084183
native-l6,48,3,-0.0516896222767,0.0526761382744,-0.0261879725228,0.0266943636629,0.00763702082517,0.00850719414345
native-l6,49,3,-0.0538421816656,0.0548150855743,-0.02729381703,0.0277937901732,0.00831095844043,0.0101764574001
native-l6,50,3,-0.056001480335,0.0571052218005,-0.0284044065205,0.0289723082221,0.00827989334013,0.00973783122069
native-l6,51,3,-0.0580735130978,0.0592088230389,-0.0294713795484,0.030056095972,0.00885294713525,0.0110888346458
native-l6,52,3,-0.0602776379119,0.0614630183,-0.0306076052856,0.0312188163986,0.00870550771833,0.0102855498695
native-l6,53,3,-0.0625207237326,0.0637550266848,-0.0317652845266,0.0324024734864,0.00916646940118,0.0113047378309
native-l6,54,3,-0.0648801040272,0.0660845388841,-0.032984425764,0.0336069841333,0.0089018786438,0.0101445777875
native-l6,55,3,-0.0672390720486,0.0687060329669,-0.0342049237492,0.0349642664475,0.00945941423085,0.0114616372933
native-l6,56,3,-0.0695694752129,0.0708548143363,-0.0354121929104,0.0360782263774,0.00942009710813,0.0109585519428
native-l6,57,3,-0.072000912136,0.0732949359915,-0.0366733750784,0.0373447844589,0.0101314515964,0.0127184084739
native-l6,58,3,-0.0743877504959,0.0757712783848,-0.037913093175,0.0386318490738,0.0100235596666,0.0120180080832
native-l6,59,3,-0.0768632699616,0.0782835095844,-0.0392005212521,0.0399393298257,0.0105185756979,0.0131238604153
native-l6,60,3,-0.0793432074796,0.0808729414451,-0.0404920059947,0.0412888555175,0.0102399750201,0.0119142003741
native-l6,61,3,-0.0819141678049,0.0834142890252,-0.0418326828679,0.0426151709084,0.0107998555097,0.0132020870767
native-l6,62,3,-0.0845824079848,0.0860321519434,-0.0432260220175,0.0439833432118,0.010744551271,0.0126498564779
native-l6,63,3,-0.08714054836,0.0886845331512,-0.0445638969481,0.0453715556046,0.0114249436686,0.0143024428259
native-l6,64,3,-0.0897968710794,0.0913710796448,-0.0459550488645,0.0467797104786,0.0113670427119,0.0137379285893
native-l6,65,3,-0.0924155639901,0.0943364199895,-0.0473285564945,0.048336414477,0.0119887372912,0.0152211648585
native-l6,66,3,-0.0951192114724,0.0968452364563,-0.048748643139,0.04965545009,0.0117437744539,0.0140800547182
native-l6,67,3,-0.0978775434459,0.0996321209523,-0.0501996252207,0.0511228324763,0.0122837553716,0.0153028499628
native-l6,68,3,-0.100612071812,0.102451719228,-0.0516403379214,0.0526097526511,0.0120726662527,0.0142704349561
native-l6,69,3,-0.103498936579,0.10530365888,-0.0531635575641,0.0541161058986,0.0127977621725,0.0160446325116
native-l6,70,3,-0.106354365402,0.108327880513,-0.0546726743545,0.0557160811031,0.0127473918977,0.0154992923043
native-l6,71,3,-0.109261946953,0.111103054413,-0.0562118075162,0.0571866857184,0.0134021309922,0.0170499658761
native-l6,72,3,-0.112087773481,0.114049747424,-0.057710203139,0.0587506958428,0.0132282192222,0.0161216673782
native-l6,73,3,-0.114971190991,0.117027256212,-0.0592415700686,0.0603337061552,0.0137476611871,0.0172717268715
native-l6,74,3,-0.118016511549,0.120035190748,-0.0608614687312,0.0619356049544,0.0136289117008,0.0165055707175
native-l6,75,3,-0.121022667228,0.123347677815,-0.0624633715094,0.0637028665083,0.0142444124639,0.0179499755301
native-l6,76,3,-0.124093077718,0.126140760495,-0.0641022857454,0.0651956143101,0.0141088796777,0.0171209868686
native-l6,77,3,-0.127097901195,0.129237599426,-0.0657091033608,0.0668534945821,0.0148728040457,0.0189983074446
native-l6,78,3,-0.130201100482,0.132363271697,-0.0673713410737,0.0685298027835,0.0147690695351,0.018271265141
native-l6,79,3,-0.133277850546,0.135517371515,-0.0690224171169,0.0702244203653,0.0154608316416,0.0199293918896
native-l6,80,3,-0.136335152847,0.138707221487,-0.0706660367283,0.0719413927383,0.015178449283,0.0186683053949
native-l6,81,3,-0.139555489422,0.141909216084,-0.0724002502812,0.0736681027214,0.0157613635963,0.0199929710235
native-l6,82,3,-0.142782709285,0.145146134952,-0.0741414594566,0.0754169236633,0.0156318950186,0.0191838419523
native-l6,83,3,-0.146100583299,0.148409829755,-0.0759349057593,0.0771835663334,0.0163183071942,0.0208213019253
native-l6,84,3,-0.149330387289,0.151699880875,-0.0776842638019,0.078967905486,0.016318702526,0.0203997263444
native-l6,85,3,-0.15252223396,0.155314224299,-0.0794164429086,0.0809321158365,0.0169096166281,0.0217602589188
native-l6,86,3,-0.155852958827,0.15835736104,-0.081227268773,0.0825891656622,0.0168233475842,0.0210654583391
native-l6,87,3,-0.159159773791,0.161723938534,-0.0830287232437,0.0844258296205,0.0173502883398,0.0222209775684
native-l6,88,3,-0.162581759124,0.165115169408,-0.084896500647,0.0862796759445,0.0170852054833,0.0209997180132
native-l6,89,3,-0.165992927361,0.168530622216,-0.0867622337704,0.0881505728552,0.0177976012557,0.022710256597
native-l6,90,3,-0.169397181391,0.172125489543,-0.0886280475446,0.0901239037885,0.0177198531429,0.0220566599307
native-l6,91,3,-0.172839273576,0.175432457326,-0.0905184620385,0.0919429848988,0.0186005465112,0.0242641640075
native-l6,92,3,-0.17619133274,0.178917966458,-0.0923634194269,0.0938642300726,0.0184095573436,0.0232630587544
native-l6,93,3,-0.179622300409,0.182425951351,-0.0942556006379,0.0958019859293,0.0189960247329,0.0245939691139
native-l6,94,3,-0.183102392645,0.185955970775,-0.0961788716971,0.097756114332,0.0187944985397,0.0235606161786
native-l6,95,3,-0.186703793084,0.189838218867,-0.0981733202141,0.09991012608,0.0194070946828,0.0249807346579
native-l6,96,3,-0.190327238935,0.193080339847,-0.100184414258,0.101712929987,0.0194127992775,0.0245574089628
native-l6,97,3,-0.193837979003,0.196673798832,-0.102137515002,0.103715334747,0.0200285564859,0.0259754893443
native-l6,98,3,-0.197403353429,0.200287511189,-0.104125302473,0.105733547084,0.0200039524233,0.025472490973
native-l6,99,3,-0.201018787192,0.203921027986,-0.106145452975,0.107767422689,0.0206518936049,0.026987205563
native-l6,100,3,-0.204640554652,0.207645854885,-0.108173758508,0.109857233296,0.0204258186563,0.0258855233623
native-l7,1,3,-9.9407909893e-06,9.94079098937e-06,-4.97040784712e-06,4.97040784719e-06,6.94550177027e-05,6.9455017726e-05
native-l7,2,3,-3.22029095116e-05,3.22029095116e-05,-1.61015843863e-05,1.61015843863e-05,0.000541314420381,0.000541314420393
native-l7,3,3,-6.81092273108e-05,7.39751905457e-05,-3.40551956843e-05,3.69882793393e-05,0.000655976568696,0.000756784685419
native-l7,4,3,-0.000110609027858,0.000112577968196,-5.53060435503e-05,5.62905684119e-05,0.000677651342277,0.000802294797646
native-l7,5,3,-0.000161084518194,0.000186831377041,-8.05455454963e-05,9.34200521737e-05,0.000695305103557,0.000854009968112
native-l7,6,3,-0.000228128763134,0.000233241041657,-0.000114070894187,0.000116627321795,0.000770982927996,0.00103621673863
native-l7,7,3,-0.000308103009391,0.000312393941624,-0.000154063377062,0.000156209171465,0.00073233437666,0.000887536309047
native-l7,8,3,-0.000401725016884,0.000403112138628,-0.00020088268585,0.000201576385834,0.000665031233545,0.000674151976162
native-l7,9,3,-0.00050743391746,0.000511500098032,-0.00025374915408,0.000255782761427,0.000742840278553,0.000834880536664
native-l7,10,3,-0.000615812913427,0.000623274826116,-0.000307953878829,0.000311685987135,0.00078168578679,0.00093122293826
native-l7,11,3,-0.000727501061823,0.000744698176516,-0.000363816786227,0.000372418436004,0.000834468832351,0.0010000978585
native-l7,12,3,-0.000859633386401,0.000881703901055,-0.000429909226052,0.000440949168612,0.00089182291016,0.00110898564795
native-l7,13,3,-0.00100939437942,0.00103027519194,-0.000504824722822,0.000515270347738,0.000903843411439,0.00107731303866
native-l7,14,3,-0.00117066438382,0.00119040563627,-0.000585503696743,0.000595380056842,0.00082205633381,0.000852894977616
native-l7,15,3,-0.00134735241288,0.00140210703079,-0.000673903467378,0.000701299425837,0.000941766902626,0.00104677246292
native-l7,16,3,-0.00152955514321,0.00154531296883,-0.000765070300057,0.000772955214299,0.00100669734113,0.00116202761025
native-l7,17,3,-0.00171251535733,0.00174007248565,-0.000856624771835,0.000870415054006,0.00108126521845,0.00130595352136
native-l7,18,3,-0.00190921044193,0.00194635677635,-0.000955061637948,0.000973652387663,0.00110686426359,0.00130100260052
native-l7,19,3,-0.00212185627268,0.00216415601098,-0.0010614919672,0.00108266408625,0.00115620232089,0.00136554478526
native-l7,20,3,-0.00235384345952,0.00239702252349,-0.00117761551326,0.00119923033845,0.00105164000008,0.00120033454786
native-l7,21,3,-0.00259889241405,0.00263425851185,-0.00130029190004,0.00131799781505,0.00118463633077,0.00127943773962
native-l7,22,3,-0.00284228650448,0.00288654073725,-0.00142215500566,0.00144431338921,0.00124929009054,0.00138571244314
native-l7,23,3,-0.00308971967712,0.00315029585523,-0.00154605590317,0.00157639043101,0.00138043151094,0.00169024613285
native-l7,24,3,-0.00335630584909,0.00342551275558,-0.00167956459455,0.0017142256626,0.0013745137919,0.00158245978585
native-l7,25,3,-0.00363728894971,0.00375562700566,-0.00182030279104,0.00187957991316,0.00146254344146,0.00176017941774
native-l7,26,3,-0.00392622942526,0.0040102862661,-0.00196504719114,0.00200715747361,0.00135519255428,0.00136220116647
native-l7,27,3,-0.00423350867158,0.00431981943527,-0.00211900128925,0.00216224737449,0.00148151278726,0.00162690936568
native-l7,28,3,-0.00455994427856,0.00464076748578,-0.00228257886292,0.00232308209811,0.00151140766145,0.00162235133574
native-l7,29,3,-0.00488712951411,0.00497311803133,-0.00244655944111,0.00248965821468,0.00165938138881,0.0019710283341
native-l7,30,3,-0.00522244513833,0.00533923877103,-0.00261464303025,0.00267319236422,0.00164574860473,0.00184415240178
native-l7,31,3,-0.00556457879538,0.00567197563365,-0.00278617367907,0.00284002067554,0.0017844333278,0.00215273052166
native-l7,32,3,-0.00592065867132,0.00603845646275,-0.00296472763016,0.00302379991434,0.00169799302831,0.00179521302139
native-l7,33,3,-0.00629695288401,0.00641628731562,-0.00315345215477,0.00321330632659,0.00182394900795,0.00207390968993
native-l7,34,3,-0.00667655359824,0.00680545430322,-0.00334387171966,0.00340853621116,0.00180090333172,0.00190462872861
native-l7,35,3,-0.00706997106025,0.00725617736412,-0.00354126065999,0.00363469418296,0.00197583665401,0.0023306778797
native-l7,36,3,-0.00747678188819,0.00761773951243,-0.00374540999644,0.00381615126144,0.00194217802024,0.00212524955809
native-l7,37,3,-0.00789351810436,0.00804082832643,-0.00395458388687,0.0040285286849,0.00213311838936,0.00259501062224
native-l7,38,3,-0.00831209355135,0.00847519445106,-0.00416472595247,0.00424661409115,0.00206543067814,0.00228791363725
native-l7,39,3,-0.00873309732757,0.00892082234092,-0.00437613281996,0.00447040342384,0.00220376426003,0.00259790499922
native-l7,40,3,-0.0091878235099,0.00938005854935,-0.00460452166089,0.00470107934819,0.00214867911133,0.00233208137163
native-l7,41,3,-0.00965385828302,0.00984579951781,-0.00483864468193,0.00493507725265,0.00230604049972,0.00269177981631
native-l7,42,3,-0.010133913737,0.0103251159891,-0.00507986863341,0.00517595324052,0.00223146814771,0.00236011337717
native-l7,43,3,-0.0106192313386,0.0108156285896,-0.00532379682109,0.00542251613543,0.00245543458464,0.00292307816366
native-l7,44,3,-0.0111043121584,0.0113173200354,-0.00556766700639,0.00567476147662,0.00242356688813,0.00271755263518
native-l7,45,3,-0.0116010988186,0.0118871559494,-0.00581748451693,0.00596134680257,0.00261034350439,0.00317012507194
native-l7,46,3,-0.0120993419837,0.012354168558,-0.00606809833139,0.00619628122956,0.00252320989296,0.00279366167581
native-l7,47,3,-0.0126288490687,0.0128892892942,-0.00633450468105,0.00646554629153,0.00268436476016,0.00316422303361
native-l7,48,3,-0.0131693032254,0.0134355161922,-0.00660649243519,0.00674047509839,0.00258508530981,0.00275248216013
native-l7,49,3,-0.0137282416061,0.0139928301891,-0.00688785985273,0.00702106275568,0.00283130957054,0.00337625036864
native-l7,50,3,-0.0142903209745,0.014589738795,-0.0071708899965,0.00732167284411,0.00280486530163,0.00318603688366
native-l7,51,3,-0.0148317444174,0.0151406414352,-0.00744360000893,0.00759919459685,0.0030209249971,0.00371227062111
native-l7,52,3,-0.0154076582751,0.0157310987645,-0.00773376122725,0.00789672854311,0.00294829153589,0.00337644364984
native-l7,53,3,-0.0159948876638,0.0163325633525,-0.00802971092528,0.00819990086333,0.00311783192952,0.00376612595057
native-l7,54,3,-0.0166123152049,0.0169450143403,-0.00834097164128,0.00850870621084,0.00296695367585,0.00319353773626
native-l7,55,3,-0.0172318166711,0.0176329702518,-0.00865337798231,0.00885569680887,0.00319242500126,0.0037520163845
native-l7,56,3,-0.0178452701903,0.0182027902813,-0.00896283382005,0.00914319414018,0.00315886513957,0.00352631305304
native-l7,57,3,-0.0184853829637,0.0188480717182,-0.009285838378,0.00946886556664,0.0034313427524,0.00422073640692
native-l7,58,3,-0.0191165289213,0.0195042525225,-0.00960442526023,0.00980014770883,0.00336511851954,0.00389803193697
native-l7,59,3,-0.0197716085766,0.0201713100378,-0.00993519911669,0.0101370347557,0.0035528718672,0.00433623637929
native-l7,60,3,-0.0204296666543,0.0208595906768,-0.0102675899527,0.0104847604392,0.00341109913287,0.00378881093512
native-l7,61,3,-0.0211122146095,0.0215379627807,-0.0106124658026,0.0108275998496,0.00362462067037,0.00429829475643
native-l7,62,3,-0.0218206911434,0.0222375109027,-0.0109705666319,0.0111812658038,0.00357387483422,0.00401792256913
native-l7,63,3,-0.02250388307,0.0229478415251,-0.0113160180651,0.0115405124766,0.0038423816917,0.00469428014488
native-l7,64,3,-0.023213816602,0.0236689302019,-0.0116751154619,0.0119053335848,0.00378897180414,0.00440385848053
native-l7,65,3,-0.0239165805262,0.0244630314595,-0.0120307197286,0.0123072499302,0.00403706062053,0.00501937153571
native-l7,66,3,-0.0246423483683,0.0251432821544,-0.0123980948644,0.0126516734984,0.00389158732947,0.00444823218063
native-l7,67,3,-0.025384275213,0.0258964947603,-0.0127737897416,0.013033179261,0.0041047081655,0.00495431333438
native-l7,68,3,-0.0261222980619,0.0266603640823,-0.0131476537299,0.013420233373,0.00399123173426,0.00447957272218
native-l7,69,3,-0.0269005561021,0.0274348639012,-0.0135420448647,0.0138128290741,0.0042809115606,0.00521327112934
native-l7,70,3,-0.0276737619329,0.0282553742613,-0.0139340364458,0.014228918187,0.00422220386689,0.0049040331632
native-l7,71,3,-0.0284626760619,0.029015648394,-0.0143341506299,0.0146146177226,0.00448995662957,0.0055666366761
native-l7,72,3,-0.0292340592789,0.0298218788732,-0.0147255393515,0.0150237966698,0.00439154480234,0.00513297392692
native-l7,73,3,-0.0300219360175,0.0306386314619,-0.0151254557039,0.0154384892054,0.00460220517268,0.00562550065716
native-l7,74,3,-0.030852243553,0.0314658781907,-0.0155470746444,0.0158586880893,0.00450475846693,0.0051926801513
native-l7,75,3,-0.0316762202179,0.0323732519856,-0.0159656633119,0.0163197938281,0.00475198384458,0.00579471443874
native-l7,76,3,-0.0325191081371,0.0331517404572,-0.016394039723,0.0167155754601,0.00465578682049,0.00536173171157
native-l7,77,3,-0.0333487581237,0.0340102983265,-0.0168158791015,0.0171522489859,0.0049801349413,0.0061912260472
native-l7,78,3,-0.0342055064757,0.0348792350011,-0.0172516809411,0.0175943989375,0.00489859925091,0.00580204910813
native-l7,79,3,-0.0350580893069,0.0357585207891,-0.017685561253,0.018042017594,0.00517299255072,0.00647964126843
native-l7,80,3,-0.0359097713355,0.0366498291838,-0.0181191793117,0.0184959649516,0.00502201069346,0.0058821627704
native-l7,81,3,-0.0368053410856,0.037548019236,-0.0185753351882,0.0189536296566,0.00526520062451,0.00646204511398
native-l7,82,3,-0.0377051988594,0.038458170813,-0.0190338911742,0.01941760714,0.00515640993381,0.00598704517558
native-l7,83,3,-0.0386314073773,0.0393785493425,-0.0195060926201,0.019887021483,0.00545225658383,0.00672494892471
native-l7,84,3,-0.0395389704512,0.0403091234426,-0.0199690204407,0.0203618644839,0.00541095576204,0.006450404712
native-l7,85,3,-0.0404410854895,0.0413251472261,-0.0204293936469,0.0208805727727,0.00568129537358,0.007112154191
native-l7,86,3,-0.041380196051,0.0422007311599,-0.020908863829,0.0213278031741,0.00559345757319,0.00669362194859
native-l7,87,3,-0.0423180256351,0.0431617003505,-0.021387920109,0.0218188819807,0.00582179128087,0.0072249829761
native-l7,88,3,-0.0432874559835,0.0441327362615,-0.0218833552343,0.0223153556803,0.00565467754732,0.00656900883701
native-l7,89,3,-0.0442584295251,0.045113805857,-0.0223798345622,0.0228172155922,0.00596698304853,0.00735030311156
native-l7,90,3,-0.0452312315667,0.04614411925,-0.022877505815,0.0233445434801,0.00590020766367,0.00699562038334
native-l7,91,3,-0.0462150185709,0.0471059123296,-0.0233810540705,0.0238370588522,0.00626399822534,0.00792715124875
native-l7,92,3,-0.0471835940346,0.0481168815106,-0.0238770829913,0.0243550243611,0.0061510336124,0.00742969007099
native-l7,93,3,-0.0481757243533,0.0491377489875,-0.0243854297291,0.0248783404044,0.00641005310588,0.00804720756775
native-l7,94,3,-0.0491827881829,0.0501684801096,-0.0249016966692,0.025406997824,0.00626629058768,0.00745540964388
native-l7,95,3,-0.0502243224441,0.0512915659509,-0.0254359096705,0.0259833502198,0.00653325189341,0.00809711852931
native-l7,96,3,-0.0512745106096,0.0522593930996,-0.0259748573848,0.0264802996855,0.00647216005438,0.00774910685498
native-l7,97,3,-0.0523035512621,0.0533195040834,-0.0265032591392,0.0270249253364,0.00677987054458,0.00850884668722
native-l7,98,3,-0.0533490996892,0.0543893369476,-0.0270404278252,0.0275748547819,0.00672248097624,0.00817233531638
native-l7,99,3,-0.0544119681921,0.0554688554691,-0.0275867948789,0.0281300783896,0.00701923974538,0.00889732283924
native-l7,100,3,-0.0554808356227,0.0565758354486,-0.0281365577273,0.0286997557133,0.00686466877739,0.00826942571151
native-l8,1,3,-2.48522497785e-06,2.48522497792e-06,-1.24261326095e-06,1.24261326095e-06,2.46595476218e-05,2.46595476723e-05
native-l8,2,3,-8.05087499885e-06,8.050874999e-06,-4.02544560156e-06,4.02544560163e-06,0.000267665321484,0.000267665321516
native-l8,3,3,-1.70278431035e-05,1.8494450062e-05,-8.51395792993e-06,9.24726778695e-06,0.000322044822393,0.000371150577222
native-l8,4,3,-2.76535199227e-05,2.81458822557e-05,-1.38268555675e-05,1.40730401531e-05,0.000330461745467,0.000394630817286
native-l8,5,3,-4.02737287636e-05,4.67110957789e-05,-2.01370697957e-05,2.33558206366e-05,0.000334747619761,0.000416694354543
native-l8,6,3,-5.70370207517e-05,5.83152502293e-05,-2.85189174487e-05,2.91580502105e-05,0.000371244610021,0.000513751257302
native-l8,7,3,-7.70343544412e-05,7.81073245791e-05,-3.85179193235e-05,3.90544249136e-05,0.000344341803698,0.000427934051572
native-l8,8,3,-0.00010044542568,0.000100792671438,-5.02239740938e-05,5.03976056785e-05,0.000304297981193,0.000306259064243
native-l8,9,3,-0.000126881077838,0.000127896894696,-6.34425514621e-05,6.39504921804e-05,0.000329997948166,0.000367359420578
native-l8,10,3,-0.000153986838881,0.000155852801812,-7.69963839321e-05,7.79294374047e-05,0.000344633315008,0.000423182875016
native-l8,11,3,-0.00018192253063,0.000186224445842,-9.0965407295e-05,9.31165582679e-05,0.000362111615809,0.000435040446616
native-l8,12,3,-0.00021497443826,0.000220496031608,-0.000107493004126,0.000110254093787,0.000397695869695,0.000523629118007
native-l8,13,3,-0.000252439392315,0.000257664619181,-0.000126227669697,0.000128840609542,0.000391390757098,0.000484428942131
native-l8,14,3,-0.000292787000618,0.000297729564534,-0.000146404223517,0.000148875864278,0.000346853043483,0.000355901040027
native-l8,15,3,-0.00033699782932,0.000350697644169,-0.000168513124755,0.000175364198386,0.000386661364707,0.000425122414543
native-l8,16,3,-0.000382594108343,0.000386544986505,-0.000191315358859,0.000193291173991,0.000419409057647,0.000498191681487
native-l8,17,3,-0.000428387689758,0.000435293413567,-0.000214216801225,0.000217670396985,0.00043738164633,0.00052641609233
native-l8,18,3,-0.000477626904916,0.000486934189945,-0.000238841996874,0.000243496740304,0.000455722522548,0.0005549367355
native-l8,19,3,-0.000530866070925,0.000541466191685,-0.000265468300277,0.000270769753972,0.000466225617314,0.000559267638855
native-l8,20,3,-0.000588951889931,0.00059977825778,-0.00029451934055,0.000299934109125,0.000412424532188,0.000500048778509
native-l8,21,3,-0.000650320209856,0.000659199378344,-0.0003252130064,0.00032965402506,0.000460968243419,0.000487489968175
native-l8,22,3,-0.000711287303905,0.000722398342836,-0.000355706946554,0.000361264427411,0.00050034012305,0.000576913190036
native-l8,23,3,-0.000773277224245,0.000788484099247,-0.000386713443623,0.000394319793673,0.000535862188938,0.000654390174755
native-l8,24,3,-0.000840080429799,0.000857455575727,-0.000420128544433,0.000428819731044,0.000537745398583,0.000630586657766
native-l8,25,3,-0.00091050363015,0.000940185384105,-0.000455355587808,0.000470203237595,0.000560823289931,0.000672913240033
native-l8,26,3,-0.000982936259244,0.00100405147295,-0.000491589071101,0.000502151814699,0.000512680988648,0.000521277232466
native-l8,27,3,-0.00105998051738,0.00108167381511,-0.000530130895849,0.000540983238986,0.000556785394888,0.000597383021104
native-l8,28,3,-0.00114183506776,0.00116217771515,-0.000571080704038,0.000581257787882,0.000583121393234,0.000645677228502
native-l8,29,3,-0.00122390591859,0.00124556215174,-0.000612140434642,0.000622975124874,0.000626333387093,0.000744312808509
native-l8,30,3,-0.00130804113256,0.00133742537619,-0.000654234722048,0.000668936426065,0.000616319161595,0.000692531937998
native-l8,31,3,-0.00139391489325,0.00142096855963,-0.000697200674241,0.000710736853252,0.000662360034117,0.000789557105594
native-l8,32,3,-0.00148330433059,0.0015129884916,-0.0007419276142,0.000756780604241,0.000623221971823,0.000640316973709
native-l8,33,3,-0.00157778472808,0.00160788487721,-0.000789204012386,0.000804265860393,0.000666385418059,0.000737713928763
native-l8,34,3,-0.00167312768114,0.00170565668569,-0.00083691431833,0.000853192311404,0.000674877809559,0.00073083290127
native-l8,35,3,-0.00177196367359,0.00181888243207,-0.000886374975615,0.000909855134219,0.0007281455979,0.000859042237193
native-l8,36,3,-0.00187419725597,0.00190982240844,-0.000937538435024,0.000955367567813,0.000708816125802,0.000767144974006
native-l8,37,3,-0.00197895549141,0.0020162142171,-0.000989968111873,0.00100861576143,0.000771427789674,0.000921838308279
native-l8,38,3,-0.00208422231032,0.00212547723486,-0.00104265514641,0.00106330392505,0.000742406229481,0.00080137331704
native-l8,39,3,-0.00219014454495,0.00223761037916,-0.0010956730867,0.00111943175331,0.000789782234439,0.000909843171192
native-l8,40,3,-0.00230454662904,0.00235319999145,-0.00115293852708,0.00117729300514,0.00077841263912,0.000848016041333
native-l8,41,3,-0.00242183973036,0.00247048264753,-0.00121165451146,0.00123600517817,0.000830481255119,0.00096385255057
native-l8,42,3,-0.0025426905968,0.00259121953427,-0.00127215507792,0.00129645015864,0.000792235616834,0.000814686772693
native-l8,43,3,-0.0026649333334,0.00271482207136,-0.00133335620996,0.00135833357073,0.000870791784364,0.0010156699203
native-l8,44,3,-0.00278716908017,0.0028412890995,-0.00139455766991,0.00142165510136,0.000857070670074,0.000939564709247
native-l8,45,3,-0.0029123844856,0.00298490813685,-0.00145725490607,0.00149356944326,0.000920916620975,0.00109729089141
native-l8,46,3,-0.00303804422306,0.00310281190401,-0.00152017863494,0.00155261125285,0.00089611717991,0.000986050317949
native-l8,47,3,-0.00317160115579,0.00323786527266,-0.00158706106049,0.00162024523364,0.000948458661147,0.00110736213986
native-l8,48,3,-0.00330797038934,0.00337577831593,-0.00165535645041,0.00168931605233,0.00089965580065,0.00092498330425
native-l8,49,3,-0.00344903457248,0.00351654978259,-0.0017260079815,0.00175982338046,0.000985672995899,0.00114680651387
native-l8,50,3,-0.00359097643382,0.00366733984342,-0.00179710421448,0.0018353541842,0.000974737610309,0.00108213334741
native-l8,51,3,-0.00372782684609,0.00380666288237,-0.00186565531746,0.00190514623227,0.00105104063069,0.00126967600916
native-l8,52,3,-0.00387339776211,0.00395600191327,-0.00193857963899,0.00197996107957,0.00102481406796,0.00115398999671
native-l8,53,3,-0.00402189935408,0.00410819416248,-0.00201297758556,0.00205621108325,0.00108220172606,0.00128888595431
native-l8,54,3,-0.00417802900331,0.00426323827712,-0.00209120288911,0.0021338958944,0.00101061243532,0.00103658960814
native-l8,55,3,-0.00433481329097,0.0044373366552,-0.00216976247284,0.00222113504805,0.00109404999501,0.00125024960868
native-l8,56,3,-0.00449015792706,0.00458187658496,-0.00224760694448,0.00229356852076,0.00108271382314,0.00117704920583
native-l8,57,3,-0.004652263006,0.0047454679655,-0.0023288454454,0.00237555561499,0.00117935192299,0.00142864571117
native-l8,58,3,-0.00481226412213,0.00491190558569,-0.00240903628295,0.00245897607452,0.00115065646921,0.00130397670184
native-l8,59,3,-0.00497836694353,0.00508118798447,-0.00249229188732,0.00254382952656,0.0012157613395,0.00146044289874
native-l8,60,3,-0.00514533506889,0.00525590642802,-0.00257598832269,0.00263141538748,0.00114977068978,0.00122701982848
native-l8,61,3,-0.00531854426312,0.005428281162,-0.00266282046445,0.00271783389153,0.00122734658155,0.00141670076387
native-l8,62,3,-0.00549834841278,0.00560608890675,-0.00275296653666,0.00280698403306,0.00120668585711,0.00131506724252
native-l8,63,3,-0.00567196842664,0.00578673536174,-0.00284002038266,0.00289756562415,0.00130349368059,0.0015655698028
native-l8,64,3,-0.00585242386346,0.00597021895317,-0.00293050936343,0.00298957826569,0.00127510572397,0.00144021448941
native-l8,65,3,-0.00603122957974,0.00617220401963,-0.00302017950167,0.00309087877562,0.0013646331758,0.00166923409208
native-l8,66,3,-0.00621591132098,0.00634569113516,-0.00311280467372,0.00317789507614,0.0012955142218,0.0014202415944
native-l8,67,3,-0.00640479636544,0.00653767646292,-0.0032075468034,0.00327419841911,0.00137334624834,0.0016127287765
native-l8,68,3,-0.0065928390102,0.00673249240129,-0.00330187560413,0.00337193116052,0.00132867490665,0.00143743141956
native-l8,69,3,-0.00679109768497,0.00693013726067,-0.00340133825917,0.0034710928732,0.00143439005978,0.00171301814329
native-l8,70,3,-0.0069882749268,0.00713950594882,-0.00350026850991,0.00357614738949,0.00139927890408,0.00156834941906
native-l8,71,3,-0.00718955851073,0.00733390686695,-0.00360126907128,0.00367370147474,0.00149862634889,0.00182177948083
native-l8,72,3,-0.00738663899046,0.0075400281173,-0.00370017105351,0.00377714748019,0.00145125518649,0.00163727529542
native-l8,73,3,-0.00758799091848,0.00774897129543,-0.00380122664894,0.00388202069004,0.00152858462521,0.00182659370411
native-l8,74,3,-0.00780010936795,0.00796073459403,-0.00390769622918,0.00398832064781,0.00148337209524,0.00164800607059
native-l8,75,3,-0.00801086224175,0.00819286227665,-0.00401349202113,0.00410485605996,0.00157338149402,0.00187535447947
native-l8,76,3,-0.00822654061936,0.00839271420469,-0.00412177177104,0.00420519895146,0.00152171657011,0.00167629535354
native-l8,77,3,-0.00843910937751,0.00861292678339,-0.00422850242186,0.00431577635447,0.0016447836134,0.00200170059569
native-l8,78,3,-0.00865863985227,0.00883595201576,-0.00433874018718,0.00442777861963,0.00160244912925,0.00183061754169
native-l8,79,3,-0.00887729451502,0.00906178797554,-0.0044485506438,0.00454120526038,0.00170250273895,0.00208641419749
native-l8,80,3,-0.00909597368323,0.00929084348167,-0.0045583858217,0.00465626212934,0.00163677807429,0.00184651611364
native-l8,81,3,-0.00932586440963,0.0095218842531,-0.00467386440446,0.00477232969189,0.00172738729415,0.00207148245017
native-l8,82,3,-0.00955701210206,0.00975614059901,-0.00478998805148,0.00489002647899,0.00166585509721,0.00184166298611
native-l8,83,3,-0.00979500738698,0.00999319972857,-0.00490956552652,0.00500914563428,0.00177951047426,0.00213711840595
native-l8,84,3,-0.0100285561347,0.0102330595961,-0.00502692360807,0.00512968664057,0.00175203818731,0.00200890222294
native-l8,85,3,-0.0102609909485,0.0104947115814,-0.00514373616059,0.00526119588176,0.00185702229904,0.00227850239219
native-l8,86,3,-0.010502887573,0.0107211732426,-0.00526531760855,0.00537503210637,0.00181005709501,0.0020904914696
native-l8,87,3,-0.0107447574537,0.0109694228105,-0.00538690083138,0.00549983550053,0.00189573084467,0.00230084311128
native-l8,88,3,-0.0109947594578,0.0112204646944,-0.00551258691195,0.00562605861496,0.00180992075868,0.00199645172961
native-l8,89,3,-0.0112454299573,0.0114742967289,-0.00563862526851,0.00575370090146,0.00193065179223,0.00231139151148
native-l8,90,3,-0.011496798933,0.0117408293135,-0.00576503112724,0.00588774744174,0.00189460969625,0.00215725761655
native-l8,91,3,-0.0117510723738,0.0119903224689,-0.00589291388248,0.00601324076672,0.00203109835366,0.00251734535547
native-l8,92,3,-0.0120019628703,0.0122525117244,-0.00601911217315,0.00614513721793,0.00197513860107,0.00230133231649
native-l8,93,3,-0.0122590367999,0.0125174822305,-0.00614843694189,0.00627845058611,0.00207339587358,0.00254767563856
native-l8,94,3,-0.012520067803,0.0127852317023,-0.00627976945212,0.00641318029187,0.00199536663774,0.00226486414083
native-l8,95,3,-0.0127900396397,0.0130766248236,-0.00641561781033,0.00655982808402,0.00209734821637,0.00252245346462
native-l8,96,3,-0.013062431838,0.0133290582854,-0.00655270288171,0.00668688636736,0.0020567177093,0.00235058166822
native-l8,97,3,-0.013329916125,0.0136051307083,-0.00668733749279,0.00682586154708,0.00218128592961,0.00267467337037
native-l8,98,3,-0.013601797069,0.0138839727201,-0.00682420358919,0.00696625068435,0.00214185587445,0.00250647282781
native-l8,99,3,-0.0138783571333,0.0141655819172,-0.00696344425634,0.00710805316852,0.00225689525275,0.00280138268599
native-l8,100,3,-0.0141567346306,0.0144544531203,-0.00710361982438,0.0072535334338,0.00217398025638,0.00250359171534
mesquite-l6,1,3,-3.95586838829e-05,3.95586864399e-05,-1.97795375565e-05,1.9779538835e-05,1.66282985259e-05,1.66283162888e-05
mesquite-l6,2,3,-0.000128464282527,0.000128464299153,-6.423420428e-05,6.42342125934e-05,0.000479835291542,0.000479835357384
mesquite-l6,3,3,-0.000270407494699,0.000290469650386,-0.000135212913778,0.000145245373302,0.000567851691984,0.000639000832934
mesquite-l6,4,3,-0.000440664437269,0.000445009162352,-0.000220356498308,0.00022252934083,0.000481140703712,0.000605994970292
mesquite-l6,5,3,-0.000664542868849,0.000676663136027,-0.000332326671339,0.000338388821511,0.000569246387203,0.000700563372821
mesquite-l6,6,3,-0.000937771033711,0.000945776815207,-0.000468995499254,0.000473000272232,0.000633536188087,0.0006338114325
mesquite-l6,7,3,-0.00124400870713,0.00125110525579,-0.000622197931303,0.000625748408429,0.000497484139374,0.00061964702576
mesquite-l6,8,3,-0.00160551230884,0.00161496412331,-0.000803078644445,0.000807808338809,0.000571909235582,0.000597219156586
mesquite-l6,9,3,-0.00201211701322,0.00202534190396,-0.00100656513711,0.00101318422312,0.000592760754613,0.000636818415307
mesquite-l6,10,3,-0.00245472224371,0.00248747831796,-0.00122811544728,0.00124451356599,0.000471789862923,0.000576250347519
mesquite-l6,11,3,-0.00295328069664,0.00298551102998,-0.00147773245539,0.00149387134078,0.000551342563172,0.000622591815819
mesquite-l6,12,3,-0.00349312727796,0.00353518245891,-0.00174809199549,0.00176915618626,0.000550146892697,0.000669742719868
mesquite-l6,13,3,-0.00407218195323,0.00413114157897,-0.00203816891546,0.0020677084987,0.000472226627155,0.000481213235041
mesquite-l6,14,3,-0.00470665213261,0.00477329745546,-0.0023561027921,0.00238950359144,0.00054989778819,0.000752729924818
mesquite-l6,15,3,-0.00537931283418,0.0054634468793,-0.00269328500931,0.00273546482355,0.000540604933175,0.000755977241961
mesquite-l6,16,3,-0.00609451752159,0.00619579551376,-0.00305191844379,0.00310271116517,0.000508968106269,0.000684062722916
mesquite-l6,17,3,-0.00686345604628,0.00697591882604,-0.00343763989079,0.00349406365342,0.000582104936919,0.000918641806537
mesquite-l6,18,3,-0.0076684511684,0.00780180244463,-0.00384160904392,0.00390853956307,0.000576753120553,0.000910029968904
mesquite-l6,19,3,-0.00851916199101,0.00867332252266,-0.00426869787824,0.00434610557818,0.000583190752983,0.000929511994524
mesquite-l6,20,3,-0.00942098765815,0.00959100623976,-0.00472164804772,0.00480705701847,0.00065119217636,0.00112703843112
mesquite-l6,21,3,-0.0103578224717,0.0105527500174,-0.00519240134942,0.00529036901081,0.000657039350243,0.00113211627756
mesquite-l6,22,3,-0.0113430501132,0.0115603832294,-0.00568771203328,0.0057969941855,0.000690026965237,0.00121341109483
mesquite-l6,23,3,-0.012376134705,0.0126131044615,-0.00620734714468,0.00632656494275,0.000753688133624,0.00138222412255
mesquite-l6,24,3,-0.0134442644655,0.0137107633177,-0.00674489704578,0.00687904227012,0.000773339836083,0.0014151691603
mesquite-l6,25,3,-0.0145626779371,0.0148534255098,-0.00730806428034,0.00745449752156,0.000822913570447,0.00153464495859
mesquite-l6,26,3,-0.0157254046952,0.0160402652507,-0.00789388422796,0.00805255444189,0.000884049818134,0.00168603893622
mesquite-l6,27,3,-0.0169241711086,0.0172717802965,-0.00849822620124,0.00867350499267,0.000917321410758,0.00175154415367
mesquite-l6,28,3,-0.0181741208412,0.0185475768121,-0.00912876308433,0.00931719345298,0.000976698700887,0.00189341579723
mesquite-l6,29,3,-0.0194649193775,0.0198674768813,-0.00978032840953,0.00998357431874,0.00103769586752,0.00203849160264
mesquite-l6,30,3,-0.0207934811295,0.0212313702853,-0.0104514054298,0.0106726377408,0.00108307142249,0.00213529150223
mesquite-l6,31,3,-0.0221730425239,0.022638847884,-0.011148723743,0.0113842242226,0.00114830365947,0.0022904367658
mesquite-l6,32,3,-0.0235904009099,0.0240899348087,-0.0118656612883,0.0121183951549,0.00121150074964,0.00243842087946
mesquite-l6,33,3,-0.0250476712839,0.025584357263,-0.0126033314615,0.0128750622454,0.0012669526479,0.00256223978819
mesquite-l6,34,3,-0.0265547035472,0.0271219091088,-0.0133667696395,0.0136541727714,0.00133615590505,0.00272648844432
mesquite-l6,35,3,-0.0280971578848,0.0287024024562,-0.0141487669364,0.0144556846373,0.00140335753698,0.00288399448377
mesquite-l6,36,3,-0.0296817578577,0.0303255482416,-0.0149527784716,0.0152795057691,0.00146681293112,0.00302959346998
mesquite-l6,37,3,-0.0313139702627,0.0319911951214,-0.0157816334318,0.016125615295,0.00153945583879,0.00320214683467
mesquite-l6,38,3,-0.032980073976,0.0336990906062,-0.0166284228152,0.0169939423413,0.00161173668204,0.00337305451568
mesquite-l6,39,3,-0.0346903059389,0.0354490005628,-0.0174983989701,0.0178844266395,0.00168138435153,0.00353554475735
mesquite-l6,40,3,-0.0364453229965,0.0372406929922,-0.0183919576152,0.0187970102941,0.00175772100194,0.00371761966234
mesquite-l6,41,3,-0.0382336003601,0.0390738997417,-0.0193032921879,0.0197316182503,0.00183542898783,0.00390335695375
mesquite-l6,42,3,-0.0400674446636,0.0409483932319,-0.0202387273984,0.0206881973712,0.00190990183549,0.00407896447421
mesquite-l6,43,3,-0.0419428624349,0.0428639097892,-0.0211962939159,0.0216666773483,0.00199053982317,0.00427266710742
mesquite-l6,44,3,-0.0438517526343,0.0448201880655,-0.022171918396,0.0226669902564,0.00207342729299,0.00447273962324
mesquite-l6,45,3,-0.0458068862965,0.0468169638254,-0.0231721854026,0.0236890678812,0.00215188067027,0.00465915116363
mesquite-l6,46,3,-0.0478003137281,0.0488539578338,-0.0241931012512,0.0247328354927,0.00223745735227,0.00486659225334
mesquite-l6,47,3,-0.0498281127082,0.0509309002426,-0.0252327212589,0.0257982243101,0.00232487586173,0.00507923562509
mesquite-l6,48,3,-0.0519019471195,0.0530475063165,-0.0262970878009,0.0268851590467,0.00240697696728,0.0052756197478
mesquite-l6,49,3,-0.0540110285899,0.0552034886019,-0.0273807423719,0.0279935641169,0.00249793624959,0.00549828674304
mesquite-l6,50,3,-0.0561558358748,0.057398555412,-0.0284839957337,0.0291233628375,0.00258904962592,0.00572113909808
mesquite-l6,51,3,-0.0583455683049,0.059632406968,-0.0296116483512,0.0302744754148,0.0026748947187,0.00592792388279
mesquite-l6,52,3,-0.0605679861088,0.0619047431274,-0.0307574795219,0.0314468228989,0.00277135840896,0.00616631550805
mesquite-l6,53,3,-0.0628276628723,0.0642152558198,-0.0319239127838,0.0326403232612,0.00286534046764,0.00639702668423
mesquite-l6,54,3,-0.0651303353517,0.0665636329128,-0.03311398461,0.0338548933586,0.00295532214891,0.00661551426178
mesquite-l6,55,3,-0.0674637934074,0.0689495577224,-0.0343214696724,0.0350904486546,0.00305704769851,0.00686902380084
mesquite-l6,56,3,-0.0698359363859,0.0713727079838,-0.0355505222302,0.0363469026583,0.00315324072112,0.00710573870914
mesquite-l6,57,3,-0.0722484950855,0.0738327581033,-0.0368021213722,0.0376241680629,0.00324788990137,0.00733763743448
mesquite-l6,58,3,-0.074690687303,0.0763293770521,-0.0380707599061,0.0389221556253,0.00335430125125,0.00760465022923
mesquite-l6,59,3,-0.0771726210973,0.0788622294864,-0.0393617571848,0.0402407747181,0.00345232056244,0.00784632652606
mesquite-l6,60,3,-0.0796919697963,0.0814309756882,-0.0406739924581,0.0415799332694,0.00355214780233,0.0080932781408
mesquite-l6,61,3,-0.0822405381469,0.0840352712967,-0.04200328356,0.0429395375927,0.00366242121693,0.00837143159296
mesquite-l6,62,3,-0.0848293261189,0.086674768021,-0.0433554395263,0.0443194927283,0.00376219976724,0.00861797542452
mesquite-l6,63,3,-0.0874523684141,0.0893491130814,-0.0447274407685,0.0457197021217,0.00386755784756,0.0088811443625
mesquite-l6,64,3,-0.0901048567302,0.0920579495583,-0.0461168576017,0.047140067774,0.00398074155648,0.00916768813815
mesquite-l6,65,3,-0.0927973285926,0.0948009164899,-0.0475292858329,0.048580490262,0.00408251641466,0.00941991464531
mesquite-l6,66,3,-0.0955209952366,0.0975776487518,-0.0489602168433,0.0500408686432,0.00419350083337,0.00969969035002
mesquite-l6,67,3,-0.0982748047629,0.100387777392,-0.0504091815371,0.0515211005993,0.00430864647968,0.00999188138948
mesquite-l6,68,3,-0.101067597186,0.103230929513,-0.0518809131534,0.0530210823428,0.00441289604549,0.0102513268815
mesquite-l6,69,3,-0.103888856941,0.106106728333,-0.0533699762683,0.0545407086145,0.00452929335393,0.0105471692457
mesquite-l6,70,3,-0.106741209152,0.109014793441,-0.0548778380165,0.0560798727862,0.00464557889951,0.010842640826
mesquite-l6,71,3,-0.109630814437,0.111954740639,-0.0564078440878,0.0576384667439,0.00475292483828,0.0111112688616
mesquite-l6,72,3,-0.112546668775,0.114926182195,-0.0579542763704,0.0592163809861,0.0048742113358,0.0114217045324
mesquite-l6,73,3,-0.115494579813,0.117928726864,-0.0595202950596,0.0608135046031,0.00499103874669,0.0117187594981
mesquite-l6,74,3,-0.118477397212,0.120961979854,-0.0611075107947,0.0624297252228,0.00510212975011,0.0119986123047
mesquite-l6,75,3,-0.121484861138,0.124025543174,-0.0627105728217,0.0640649291611,0.00522751622874,0.0123213690223
mesquite-l6,76,3,-0.124525130494,0.127119015343,-0.0643339096937,0.0657190012331,0.00534457234545,0.0126191624745
mesquite-l6,77,3,-0.127597514735,0.130241991862,-0.0659772576304,0.0673918249674,0.00545996754186,0.0129120112347
mesquite-l6,78,3,-0.130693587294,0.133394064905,-0.0676362165407,0.0690832824066,0.00558848008395,0.0132442602621
mesquite-l6,79,3,-0.133822801721,0.136574823648,-0.0693159325957,0.0707932542472,0.00570575505241,0.0135428548728
mesquite-l6,80,3,-0.136981104125,0.139783854412,-0.0710143423583,0.0725216198809,0.00582582331925,0.013849897669
mesquite-l6,81,3,-0.140162733261,0.143020740448,-0.072728451458,0.0742682572407,0.00595640648005,0.0141885633356
mesquite-l6,82,3,-0.143377285024,0.146285062247,-0.0744635133447,0.076033042932,0.00607417006487,0.0144888582722
mesquite-l6,83,3,-0.146617883686,0.1495763976,-0.0762159360269,0.0778158522289,0.00619901794179,0.0148105038029
mesquite-l6,84,3,-0.149881930263,0.152894321574,-0.0779844133972,0.0796165590223,0.00633064502979,0.0151525943147
mesquite-l6,85,3,-0.153178047363,0.156238406695,-0.0797737057648,0.0814350358823,0.00644938655753,0.0154561450327
mesquite-l6,86,3,-0.15649736444,0.159608223,-0.0815791217458,0.0832711540484,0.00657882267509,0.015791905855
mesquite-l6,87,3,-0.159840570052,0.16300333805,-0.0834011302712,0.0851247833994,0.00671059826539,0.0161348207858
mesquite-l6,88,3,-0.163214354894,0.166423317167,-0.085243472908,0.0869957925438,0.00683094012851,0.016443579488
mesquite-l6,89,3,-0.166608860578,0.169867723361,-0.0871008926878,0.088884048741,0.00696447861212,0.0167920821729
mesquite-l6,90,3,-0.170027823095,0.1733361175,-0.0889755236659,0.0907894179566,0.00709572075612,0.0171338590342
mesquite-l6,91,3,-0.173475295431,0.17682805837,-0.0908696913538,0.0927117648566,0.00721831802651,0.0174498734479
mesquite-l6,92,3,-0.176941499681,0.180343102711,-0.0927781497687,0.0946509527872,0.007355218159,0.017808977503
mesquite-l6,93,3,-0.180432659179,0.183880805404,-0.0947044116289,0.0966068438405,0.00748551124578,0.01814845026
mesquite-l6,94,3,-0.183949799008,0.187440719523,-0.0966491544933,0.0985792988417,0.00761095081628,0.0184735609933
mesquite-l6,95,3,-0.187484233403,0.191022396324,-0.0986076993621,0.100568177305,0.00775028583981,0.0188405651972
mesquite-l6,96,3,-0.191043869979,0.194625385452,-0.100584512491,0.10257333751,0.00787949944645,0.0191774207484
mesquite-l6,97,3,-0.194626656409,0.198249234921,-0.102578574704,0.104594636447,0.00800821116214,0.0195129946099
mesquite-l6,98,3,-0.198225849344,0.20189349134,-0.104586251471,0.106631929908,0.00814895605341,0.0198849002645
mesquite-l6,99,3,-0.201850092815,0.205557699852,-0.106612449352,0.108685072408,0.00827722959452,0.0202196323151
mesquite-l6,100,3,-0.20549453567,0.209241404289,-0.108654584388,0.110753917236,0.00840941939688,0.0205663616724
mesquite-l7,1,3,-9.88980528001e-06,9.88980558425e-06,-4.9449148661e-06,4.94491501823e-06,4.30727086563e-06,4.31529674055e-06
mesquite-l7,2,3,-3.21174349959e-05,3.21174377343e-05,-1.60588464412e-05,1.60588478104e-05,0.000226876036199,0.000227505615765
mesquite-l7,3,3,-6.75988997845e-05,7.25942033587e-05,-3.38000226727e-05,3.6297760443e-05,0.000268609469008,0.000302144389655
mesquite-l7,4,3,-0.000110180395473,0.000111259303081,-5.50917153576e-05,5.56311989558e-05,0.00022393538326,0.000286868984826
mesquite-l7,5,3,-0.000166152684877,0.000169117045884,-8.30797945361e-05,8.45620983161e-05,0.00026792339835,0.000335569222653
mesquite-l7,6,3,-0.000234517012089,0.000236520758794,-0.000117265381881,0.000118267372983,0.000297741189761,0.000298641390098
mesquite-l7,7,3,-0.000311129274969,0.000312905881477,-0.000155576740335,0.000156465181415,0.000222360401234,0.000290845198535
mesquite-l7,8,3,-0.000401598912082,0.000403956382106,-0.000200819621691,0.000201998592769,0.00026473128841,0.000278600180039
mesquite-l7,9,3,-0.000503381724586,0.000506675069894,-0.000251722547126,0.000253369633033,0.000271811303817,0.000287148730578
mesquite-l7,10,3,-0.000614190940077,0.000622392749986,-0.000307142650309,0.000311244811659,0.000193931090608,0.00027390423576
mesquite-l7,11,3,-0.000739073031026,0.000747123982874,-0.000369604835597,0.000373631791795,0.000245186775786,0.000269431028897
mesquite-l7,12,3,-0.00087433397591,0.000884848709195,-0.000437262614916,0.000442522267576,0.000237651355407,0.00027737317603
mesquite-l7,13,3,-0.00101946426326,0.00103423274399,-0.000509862165926,0.000517250145852,0.000176783793153,0.000203291715573
mesquite-l7,14,3,-0.00117858085705,0.00119526863869,-0.000589464232267,0.000597813009542,0.000227716971782,0.000303647406837
mesquite-l7,15,3,-0.00134732650756,0.00136843693445,-0.000673890424405,0.000684452704975,0.000208957902142,0.000273052492071
mesquite-l7,16,3,-0.00152683413643,0.00155226212358,-0.000763708855712,0.000776432485494,0.000172086372251,0.000183386976335
mesquite-l7,17,3,-0.00171995916983,0.00174820153981,-0.000860349885627,0.00087448313028,0.000217976907901,0.000340254260562
mesquite-l7,18,3,-0.00192221381815,0.00195575676938,-0.000961569498842,0.000978356975874,0.000193335603152,0.000282634999109
mesquite-l7,19,3,-0.00213609924043,0.00217491808016,-0.00106862097313,0.00108805096753,0.000179784753812,0.000255369413257
mesquite-l7,20,3,-0.00236299876147,0.00240584872867,-0.00118219863394,0.00120364874949,0.000218263560098,0.000381518899707
mesquite-l7,21,3,-0.00259881394874,0.00264801919276,-0.00130025291004,0.00132488725951,0.000193075332429,0.000313456642322
mesquite-l7,22,3,-0.00284701989275,0.00290193873512,-0.00142452533875,0.00145202355376,0.000198837050724,0.000335811473203
mesquite-l7,23,3,-0.00310747489177,0.00316742381548,-0.00155494727765,0.00158496796947,0.000229496046828,0.000430410032273
mesquite-l7,24,3,-0.00337692136203,0.00344446386519,-0.00168988968892,0.00172371753366,0.000208589430423,0.000368092261308
mesquite-l7,25,3,-0.00365933183761,0.0037331082098,-0.00183134419304,0.00186829937618,0.00022754092647,0.000423392499997
mesquite-l7,26,3,-0.00395315363597,0.00403316551529,-0.00197853572656,0.00201862017134,0.000250798781965,0.000489857682657
mesquite-l7,27,3,-0.00425630515207,0.00434480484109,-0.00213042389535,0.00217476722679,0.000237294562189,0.000444571230391
mesquite-l7,28,3,-0.00457274947405,0.00466795454736,-0.00228899676642,0.00233670737436,0.000263743388456,0.000517883789146
mesquite-l7,29,3,-0.00489978961639,0.00500260281493,-0.00245290583723,0.00250443751109,0.00028087751524,0.000562188867233
mesquite-l7,30,3,-0.0052367043931,0.00534875810346,-0.00262179224804,0.00267796479946,0.000275910933225,0.000539298944248
mesquite-l7,31,3,-0.00558696682122,0.00570634623713,-0.00279739971586,0.00285725507184,0.000305596577809,0.000619615549894
mesquite-l7,32,3,-0.00594712130474,0.00607541619309,-0.00297799903073,0.00304233600072,0.000318462216496,0.000648843028183
mesquite-l7,33,3,-0.00631782443939,0.00645593429297,-0.00316392222017,0.00323319391794,0.000321828909003,0.000649042655404
mesquite-l7,34,3,-0.00670165836647,0.00684788709246,-0.00335646750166,0.00342982539736,0.000352008010421,0.000729228753317
mesquite-l7,35,3,-0.0070948659003,0.00725126776965,-0.00355375369085,0.00363223043379,0.000362638633167,0.000750383633152
mesquite-l7,36,3,-0.00749933515788,0.00766604124536,-0.00375673109283,0.00384039493932,0.000373349441973,0.000771445675188
mesquite-l7,37,3,-0.00791647995498,0.00809221392615,-0.00396611278433,0.00405432574168,0.000402492359255,0.000847512790361
mesquite-l7,38,3,-0.00834271446157,0.00852976395195,-0.00418010267962,0.00427401558057,0.0004127593416,0.000866694727067
mesquite-l7,39,3,-0.00878087106472,0.00897867606461,-0.00440012595394,0.00449946060517,0.000429457979819,0.000904941512947
mesquite-l7,40,3,-0.00923106935997,0.00943893697974,-0.00462624666056,0.00473065805267,0.000456922680743,0.00097527834106
mesquite-l7,41,3,-0.00969032761021,0.00991052365861,-0.0048569711282,0.00496760035595,0.000468321345256,0.00099722667395
mesquite-l7,42,3,-0.010162032991,0.0103934267492,-0.00509400445782,0.00521028691948,0.000489575742292,0.00104856625729
mesquite-l7,43,3,-0.0106450461745,0.0108876271461,-0.00533677855777,0.00545871234327,0.000515335277634,0.00111325709422
mesquite-l7,44,3,-0.0111373320527,0.0113931077089,-0.00558427462525,0.00571287230946,0.000528900076923,0.00114120925625
mesquite-l7,45,3,-0.0116423907783,0.0119098516955,-0.00583825609822,0.00597276279546,0.000553392713007,0.00120179849928
mesquite-l7,46,3,-0.012158010827,0.0124378388596,-0.00609761568611,0.00623837811054,0.000577812884296,0.00126203063926
mesquite-l7,47,3,-0.0126833181366,0.0129770532644,-0.00636191791199,0.00650971482574,0.000594126039769,0.00129780770704
mesquite-l7,48,3,-0.0132214864786,0.0135274754612,-0.00663276373393,0.00678676783946,0.000620765698212,0.00136443511297
mesquite-l7,49,3,-0.013769542713,0.0140890864094,-0.00690866204135,0.00706953234853,0.000644423077407,0.00142199070775
mesquite-l7,50,3,-0.0143278385985,0.0146618669438,-0.00718979416366,0.00735800358025,0.000663680969202,0.00146622654059
mesquite-l7,51,3,-0.0148988375586,0.0152457964755,-0.00747740511784,0.00765217613755,0.000691654359786,0.00153649082472
mesquite-l7,52,3,-0.0154791976111,0.0158408556081,-0.00776981704111,0.00795204531641,0.000715190918871,0.0015933294896
mesquite-l7,53,3,-0.0160704085648,0.0164470235182,-0.00806778489088,0.00825760578577,0.000737300011697,0.00164577328128
mesquite-l7,54,3,-0.0166739396578,0.0170642792671,-0.00837205420419,0.00856885224795,0.000766077752436,0.00171811297528
mesquite-l7,55,3,-0.0172865046706,0.0176926016234,-0.00868097393478,0.00888577934901,0.000790092283311,0.00177605525499
mesquite-l7,56,3,-0.0179105067483,0.0183319686387,-0.00899576043473,0.00920838146392,0.000814773640254,0.00183589234121
mesquite-l7,57,3,-0.0185462685608,0.0189823584971,-0.00931658206234,0.00953665312494,0.000844082602793,0.00190950856792
mesquite-l7,58,3,-0.0191909633419,0.019643748678,-0.00964201817262,0.00987058859863,0.000869059321387,0.00197002628469
mesquite-l7,59,3,-0.0198475776626,0.0203161163666,-0.00997358097006,0.0102101820925,0.00089594670914,0.00203617604837
mesquite-l7,60,3,-0.0205152811521,0.0209994383932,-0.0103108572797,0.0105554277238,0.000925719657656,0.00211088428384
mesquite-l7,61,3,-0.021192040623,0.0216936911305,-0.0106528259205,0.0109063194674,0.000951992364531,0.00217499527694
mesquite-l7,62,3,-0.0218810345637,0.022398850725,-0.0110010978739,0.0112628512719,0.00098071385331,0.00224635774291
mesquite-l7,63,3,-0.0225804152855,0.0231148928509,-0.0113547458155,0.0116250169348,0.00101102683658,0.00232240142244
mesquite-l7,64,3,-0.0232891689722,0.0238417928422,-0.0117132628966,0.011992810169,0.00103877427824,0.00239065677406
mesquite-l7,65,3,-0.0240102627641,0.0245795256743,-0.0120781552835,0.0123662245925,0.0010690114542,0.00246629116081
mesquite-l7,66,3,-0.0247410886239,0.0253280659323,-0.0124481103316,0.0127452537123,0.00110001875585,0.00254414726427
mesquite-l7,67,3,-0.0254817451416,0.0260873878752,-0.0128231836597,0.0131298909558,0.00112928442767,0.00261669130047
mesquite-l7,68,3,-0.0262346229214,0.0268574653611,-0.0132045916452,0.0135201296332,0.00116080702783,0.00269592040422
mesquite-l7,69,3,-0.0269966966351,0.0276382719084,-0.0135908090884,0.0139159629668,0.00119268218725,0.00277612290838
mesquite-l7,70,3,-0.0277691300808,0.0284297806745,-0.013982431428,0.0143173840807,0.00122341032079,0.00285280147924
mesquite-l7,71,3,-0.0285534539407,0.0292319644507,-0.0143802410727,0.0147243859968,0.00125608727817,0.00293524507061
mesquite-l7,72,3,-0.0293466100646,0.0300447956702,-0.0147826945668,0.0151369616389,0.00128897670542,0.00301824600974
mesquite-l7,73,3,-0.0301506499171,0.0308682464142,-0.015190838434,0.0155551038348,0.00132105577224,0.00309873718015
mesquite-l7,74,3,-0.0309660751535,0.0317022884093,-0.0156049343442,0.0159788053143,0.0013548461903,0.00318428507777
mesquite-l7,75,3,-0.031790172203,0.0325468930205,-0.0160236119711,0.0164080587055,0.00138883938608,0.00327036533003
mesquite-l7,76,3,-0.0326255979019,0.0334020312689,-0.0164482267655,0.0168428565427,0.00142214506898,0.00335430840113
mesquite-l7,77,3,-0.033471787588,0.0342676738266,-0.0168784994411,0.0172831912634,0.00145707450074,0.0034430494008
mesquite-l7,78,3,-0.0343266963556,0.0351437910043,-0.0173133978209,0.0177290552013,0.00149219218728,0.00353228316043
mesquite-l7,79,3,-0.0351932370925,0.0360303527777,-0.0177544095784,0.0181804405991,0.00152662317225,0.00361938611426
mesquite-l7,80,3,-0.0360698742035,0.0369273287607,-0.0182007615628,0.0186373395939,0.00156275163521,0.00371151209429
mesquite-l7,81,3,-0.036955463829,0.0378346882463,-0.0186518787891,0.0190997442381,0.00159895051879,0.00380378121234
mesquite-l7,82,3,-0.0378528034475,0.0387524001619,-0.0191091925232,0.0195676464752,0.00163445245804,0.00389389264832
mesquite-l7,83,3,-0.0387595991452,0.039680433104,-0.0195715426393,0.0200410381572,0.00167184084529,0.00398959784525
mesquite-l7,84,3,-0.0396757227233,0.0406187553197,-0.0200388709354,0.0205199110343,0.00170903156559,0.00408464571589
mesquite-l7,85,3,-0.0406035090015,0.0415673347303,-0.0205123752167,0.0210042567663,0.00174560687566,0.00417778427985
mesquite-l7,86,3,-0.0415402061646,0.042526138914,-0.0209906604127,0.0214940669132,0.00178428783483,0.0042771779567
mesquite-l7,87,3,-0.0424866876686,0.0434951351048,-0.0214741794081,0.0219893329338,0.00182236110851,0.00437468797676
mesquite-l7,88,3,-0.0434445447294,0.0444742902192,-0.021963752563,0.0224900461986,0.0018600646566,0.00447102944633
mesquite-l7,89,3,-0.0444109164705,0.0454635708234,-0.0224579272181,0.0229961979723,0.00190002267202,0.00457407616373
mesquite-l7,90,3,-0.0453875405885,0.046462943166,-0.0229575986613,0.0235077794299,0.00193887792268,0.00467375764532
mesquite-l7,91,3,-0.0463750828422,0.0474723731728,-0.0234631157909,0.0240247816531,0.00197780087832,0.00477358650617
mesquite-l7,92,3,-0.0473709263159,0.0484918264231,-0.0239731486152,0.0245471956179,0.00201896432028,0.00488008228964
mesquite-l7,93,3,-0.0483774323662,0.0495212681675,-0.0244889131283,0.0250750122022,0.00205853523814,0.00498174715746
mesquite-l7,94,3,-0.0493942782581,0.0505606633697,-0.0250102530756,0.0256082222072,0.00209878109935,0.00508538469881
mesquite-l7,95,3,-0.0504194046714,0.0516099766345,-0.0255361220478,0.026146816319,0.00214102679687,0.00519497077324
mesquite-l7,96,3,-0.0514554852514,0.0526691722608,-0.0260678982739,0.026690785136,0.00218129925788,0.00529858733718
mesquite-l7,97,3,-0.0525012691344,0.0537382142184,-0.0266049496813,0.027240119155,0.00222295703466,0.00540631121651
mesquite-l7,98,3,-0.0535554913239,0.0548170661864,-0.0271466357053,0.0277948087911,0.00226612575617,0.00551852046156
mesquite-l7,99,3,-0.0546207957428,0.0559056914996,-0.0276943218939,0.0283548443488,0.00230714521384,0.00562423560456
mesquite-l7,100,3,-0.0556951764926,0.057004053187,-0.0282469876381,0.0289202160414,0.00235026485511,0.00573620614036
mesquite-l8,1,3,-2.47250114468e-06,2.47250276419e-06,-1.23625133649e-06,1.23625214621e-06,1.10550366511e-06,1.10948257164e-06
mesquite-l8,2,3,-8.02960274197e-06,8.02962120539e-06,-4.01480943035e-06,4.01481866208e-06,0.000106979494715,0.000107207553992
mesquite-l8,3,3,-1.69019159103e-05,1.81542046741e-05,-8.45099376279e-06,9.07714353426e-06,0.000126408950659,0.000142089854512
mesquite-l8,4,3,-2.75470138288e-05,2.78180179236e-05,-1.37736017751e-05,1.39091056934e-05,0.000104793919555,0.000135237386957
mesquite-l8,5,3,-4.15428304181e-05,4.22886041221e-05,-2.07716310011e-05,2.11445256065e-05,0.00012601848731,0.000158837891768
mesquite-l8,6,3,-5.86354042817e-05,5.91370858571e-05,-2.9318131933e-05,2.95689800909e-05,0.000139853854418,0.000140539408373
mesquite-l8,7,3,-7.77925192823e-05,7.8236699159e-05,-3.88970161794e-05,3.91191147321e-05,0.000102352686313,0.000136555319183
mesquite-l8,8,3,-0.000100416507952,0.000101005884739,-5.02095145607e-05,5.05042177077e-05,0.000123999587408,0.000130788940894
mesquite-l8,9,3,-0.00012587100893,0.000126694820985,-6.2937485198e-05,6.3349417067e-05,0.000126690175744,0.000132863869609
mesquite-l8,10,3,-0.000153584765108,0.000155638531417,-7.67953320646e-05,7.78222938631e-05,8.48950103679e-05,0.000129836776974
mesquite-l8,11,3,-0.00018482180996,0.000186836417802,-9.24151762773e-05,9.34225727894e-05,0.000113432004313,0.000123761427349
mesquite-l8,12,3,-0.000218657338423,0.000221289260477,-0.000109334647976,0.000110650752033,0.000108490166885,0.000124260397485
mesquite-l8,13,3,-0.000254964987581,0.000258662748952,-0.000127490624139,0.00012933973886,7.3374639667e-05,9.32872830968e-05
mesquite-l8,14,3,-0.000294777553726,0.000298955984385,-0.000147399644557,0.000149489165698,0.000102655418317,0.00013564933047
mesquite-l8,15,3,-0.00033700278049,0.000342291129315,-0.000168515595671,0.000171160212567,9.07194613249e-05,0.000114069687114
mesquite-l8,16,3,-0.000381926711799,0.000388297478614,-0.000190981603037,0.000194167589833,6.75020654965e-05,7.35411308327e-05
mesquite-l8,17,3,-0.00043026686806,0.000437343504052,-0.000215156592734,0.000218695665923,9.3776713433e-05,0.000145688929947
mesquite-l8,18,3,-0.000480896800889,0.000489304890248,-0.000240477332801,0.000244682379857,7.66455133881e-05,0.000104478188795
mesquite-l8,19,3,-0.000534447405612,0.000544180544958,-0.000267259440306,0.000272127299112,6.58807760116e-05,8.13113096222e-05
mesquite-l8,20,3,-0.000591266882752,0.000602013312382,-0.000295677182527,0.000301051972336,8.72735567855e-05,0.000153998759656
mesquite-l8,21,3,-0.000650325374833,0.000662670472657,-0.000325215608137,0.000331390146043,6.6714065401e-05,9.89094890498e-05
mesquite-l8,22,3,-0.000712500475084,0.000726282742647,-0.000356313764813,0.000363207331106,6.7799852946e-05,0.000108165563716
mesquite-l8,23,3,-0.000777756391899,0.000792805269986,-0.000388953895176,0.000396481233677,8.38247434827e-05,0.000161238351466
mesquite-l8,24,3,-0.000845274178737,0.000862237129772,-0.000422726510215,0.00043121153658,6.25047057235e-05,0.000101312555708
mesquite-l8,25,3,-0.000916058662022,0.000934592773752,-0.000458134360371,0.000467405620883,7.27583962105e-05,0.000135305175755
mesquite-l8,26,3,-0.000989717442292,0.00100982525382,-0.000494981325582,0.000505040159689,8.31146069835e-05,0.000168521473624
mesquite-l8,27,3,-0.0010657281157,0.00108797975961,-0.000533006229583,0.000544137922845,6.44199469257e-05,0.000113910231227
mesquite-l8,28,3,-0.00114509482552,0.00116904007048,-0.000572711555528,0.000584690967006,8.03238228187e-05,0.000162382795541
mesquite-l8,29,3,-0.00122713478038,0.00125300532218,-0.00061375590587,0.00062669903693,8.52562172473e-05,0.000177309558185
mesquite-l8,30,3,-0.00131167011022,0.00133987995442,-0.000656050455341,0.000670164537463,7.15774067021e-05,0.000135866115106
mesquite-l8,31,3,-0.00139958216927,0.00142964718584,-0.000700036336359,0.000715079262096,8.97123040026e-05,0.000189361958678
mesquite-l8,32,3,-0.00148999468272,0.00152232205226,-0.00074527532066,0.00076145092989,9.00903029361e-05,0.000189199034259
mesquite-l8,33,3,-0.00158308012917,0.00161789836214,-0.000791853884422,0.000809276645414,8.25055086805e-05,0.00016480907244
mesquite-l8,34,3,-0.00167949444996,0.00171637521617,-0.000840100449974,0.00085855616743,0.000100357676592,0.000216446569136
mesquite-l8,35,3,-0.00177828366404,0.0018177535156,-0.00088953786094,0.000909290162101,9.74627635958e-05,0.000205607393391
mesquite-l8,36,3,-0.00187993468106,0.00192202688416,-0.000940409969747,0.0009614756598,9.58996365384e-05,0.000198564197925
mesquite-l8,37,3,-0.0019848062039,0.00202919982149,-0.000992896517366,0.00101511514012,0.000111897065064,0.000244038796166
mesquite-l8,38,3,-0.00209198722856,0.00213926954574,-0.00104654179921,0.00107020744486,0.000107261895207,0.000227477061411
mesquite-l8,39,3,-0.0022022067943,0.00225223507105,-0.00110171090769,0.00112675232092,0.000110900563829,0.000235619683592
mesquite-l8,40,3,-0.00231549289744,0.00236809600801,-0.00115841810832,0.00118474982007,0.000124215283479,0.00027269059148
mesquite-l8,41,3,-0.00243108874433,0.00248684947759,-0.00121628482574,0.00124419875407,0.000119354600751,0.000255149065995
mesquite-l8,42,3,-0.00254986638695,0.00260849628197,-0.00127574782126,0.00130509978371,0.000126989771204,0.00027502014787
mesquite-l8,43,3,-0.00267153090434,0.00273303473223,-0.00133665972997,0.00136745232905,0.000137363460126,0.000303040640989
mesquite-l8,44,3,-0.00279556850502,0.00286046373397,-0.00139876357805,0.00143125611402,0.000133551358165,0.00028844472035
mesquite-l8,45,3,-0.00292288090779,0.00299078237748,-0.00146251107921,0.00149651096127,0.000143875602539,0.000316204494637
mesquite-l8,46,3,-0.003052897253,0.00312398889595,-0.00152761670022,0.00156321627053,0.000151474889261,0.000335740614508
mesquite-l8,47,3,-0.00318540303875,0.00326008275053,-0.00159397329347,0.00163137206267,0.000149616604515,0.000326858933275
mesquite-l8,48,3,-0.0033212161176,0.00339906254343,-0.00166199068532,0.00170097793468,0.000161411386948,0.000358894343022
mesquite-l8,49,3,-0.00345956913731,0.00354092706247,-0.00173128490282,0.00177203358274,0.000166703399101,0.000371381752869
mesquite-l8,50,3,-0.00360056471112,0.00368567514023,-0.00180190760849,0.00184453873168,0.000167301415713,0.000369749466595
mesquite-l8,51,3,-0.0037448368835,0.00383330530535,-0.00187417667479,0.0019184929603,0.000179546434223,0.000403022105012
mesquite-l8,52,3,-0.00389152322734,0.00398381648211,-0.001947660442,0.00199389605179,0.000183183110411,0.000410434987202
mesquite-l8,53,3,-0.00404102164309,0.0041372072911,-0.00202255851521,0.00207074764345,0.000186371339902,0.000416468930521
mesquite-l8,54,3,-0.00419370787062,0.00429347639654,-0.00209905945941,0.00214904740064,0.000198295661401,0.000448678506425
mesquite-l8,55,3,-0.0043487348507,0.00445262246305,-0.00217673923199,0.00222879499509,0.000201006090478,0.000453214577346
mesquite-l8,56,3,-0.00450673794104,0.0046146440373,-0.00225591647404,0.00230999004566,0.000206623371485,0.000466440080601
mesquite-l8,57,3,-0.00466779403664,0.00477953978007,-0.00233663007462,0.00239263223454,0.000217718063287,0.000496067307932
mesquite-l8,58,3,-0.00483117713782,0.0049473082348,-0.00241851656788,0.00247672119133,0.000220214139207,0.000499868722869
mesquite-l8,59,3,-0.00499767419647,0.00511794794379,-0.00250197066122,0.00256225655121,0.000227894199373,0.000519192611724
mesquite-l8,60,3,-0.00516706086342,0.00529145743232,-0.00258688029502,0.00264923794701,0.000237899118084,0.000545462036732
mesquite-l8,61,3,-0.00533882023226,0.00546783516977,-0.00267298672843,0.00273766498968,0.000240801096971,0.000550394004244
mesquite-l8,62,3,-0.00551378818635,0.00564707964785,-0.00276070931712,0.00282753730754,0.000250062864148,0.000574377069152
mesquite-l8,63,3,-0.00569147430139,0.00582918930129,-0.00284980260631,0.00291885450646,0.000258935324194,0.000597164290313
mesquite-l8,64,3,-0.00587163065864,0.00601416254882,-0.00294014265721,0.00301161619045,0.000262721883851,0.000604666212077
mesquite-l8,65,3,-0.00605503568441,0.00620199778718,-0.00303212015046,0.00310582195861,0.000273049832507,0.000631765009203
mesquite-l8,66,3,-0.00624100043336,0.00639269337859,-0.00312539003649,0.00320147139886,0.00028092079624,0.000651465851821
mesquite-l8,67,3,-0.00642957092161,0.00658624767419,-0.00321997575888,0.00329856409966,0.000285904758596,0.000662478970008
mesquite-l8,68,3,-0.00662137128045,0.00678265899188,-0.00331619074701,0.00339709963892,0.000296813546417,0.000691240113088
mesquite-l8,69,3,-0.00681560490184,0.00698192562736,-0.00341363586836,0.00349707758952,0.000303936527069,0.00070861764276
mesquite-l8,70,3,-0.00701259938314,0.00718404585018,-0.00351247583455,0.00359849751728,0.000310264081489,0.000723582953446
mesquite-l8,71,3,-0.00721274910541,0.00738901790637,-0.00361290893159,0.00370135898234,0.000321345036147,0.00075278276913
mesquite-l8,72,3,-0.00741525217583,0.0075968400186,-0.00371453327099,0.00380566153918,0.000328042964041,0.000768808047134
mesquite-l8,73,3,-0.00762067042869,0.00780751038253,-0.00381763116167,0.00391140473476,0.000335711809109,0.000787720852011
mesquite-l8,74,3,-0.00782912337494,0.00802102717009,-0.00392226303967,0.00401858811024,0.00034666106313,0.000816449886771
mesquite-l8,75,3,-0.00803990475168,0.00823738853047,-0.00402807489754,0.00412721120139,0.000353276249976,0.000832151946102
mesquite-l8,76,3,-0.00825373489689,0.00845659258519,-0.00413542870611,0.00423727353611,0.000362166717754,0.000854655293169
mesquite-l8,77,3,-0.00847044868709,0.00867863743371,-0.00424424206596,0.00434877463728,0.000372796359614,0.000882351822346
mesquite-l8,78,3,-0.00868952238477,0.00890352115035,-0.00435425249777,0.00446171402118,0.00037964798335,0.00089869016831
mesquite-l8,79,3,-0.00891174071328,0.00913124178382,-0.00446585443671,0.00457609119724,0.000389560929507,0.000924188560575
mesquite-l8,80,3,-0.00913668004105,0.00936179735937,-0.00457883567341,0.00469190566909,0.0003997956474,0.000950628551768
mesquite-l8,81,3,-0.00936406144898,0.00959518587989,-0.00469305659387,0.00480915693516,0.000407147877396,0.00096839756465
mesquite-l8,82,3,-0.00959463365199,0.00983140531834,-0.00480889370461,0.0049278444848,0.000417843744686,0.000996174173577
mesquite-l8,83,3,-0.00982777258308,0.0100704536301,-0.00492603406518,0.00504796780455,0.000427706104504,0.00102142714032
mesquite-l8,84,3,-0.0100634745038,0.0103123287406,-0.00504447625982,0.00516952637175,0.000435748465458,0.00104119718414
mesquite-l8,85,3,-0.0103023581257,0.010557028554,-0.0051645316373,0.00529251965918,0.00044698299964,0.0010705210123
mesquite-l8,86,3,-0.0105436811096,0.0108045509499,-0.00528582773454,0.00541694713306,0.000456570879998,0.00109488233222
mesquite-l8,87,3,-0.0107877101164,0.0110548937821,-0.00540849902803,0.00554280825269,0.000465410958856,0.00111697788715
mesquite-l8,88,3,-0.0110348579057,0.0113080548812,-0.00553275349824,0.0056701024716,0.00047696423539,0.00114719085869
mesquite-l8,89,3,-0.0112843593993,0.0115640320535,-0.00565820712818,0.00579882923702,0.00048642421508,0.00117110194525
mesquite-l8,90,3,-0.0115367129595,0.0118228230811,-0.00578511093464,0.00592898798983,0.00049609133263,0.00119561263084
mesquite-l8,91,3,-0.0117920766882,0.0120844257225,-0.00591354496992,0.0060605781651,0.000507788112962,0.00122619066815
mesquite-l8,92,3,-0.0120497594613,0.0123488377108,-0.006043162267,0.00619359919088,0.00051728853597,0.00125015817288
mesquite-l8,93,3,-0.0123104241706,0.0126160567555,-0.00617429669537,0.00632805048927,0.000527745775051,0.00127697483936
mesquite-l8,94,3,-0.0125739584326,0.0128860805441,-0.00630689232301,0.00646393147711,0.000539466759105,0.00130756162667
mesquite-l8,95,3,-0.0128398307878,0.0131589067347,-0.00644068236784,0.00660124156241,0.000549173420451,0.00133208450238
mesquite-l8,96,3,-0.0131087819199,0.0134345329666,-0.0065760399873,0.00673998014951,0.000560335041723,0.00136095148335
mesquite-l8,97,3,-0.0133804474441,0.0137129568537,-0.00671278245697,0.0068801466357,0.000572019649583,0.00139136681688
mesquite-l8,98,3,-0.0136545197115,0.0139941759849,-0.00685075551716,0.00702174041166,0.000582076072701,0.00141687715468
mesquite-l8,99,3,-0.0139317221201,0.0142781879254,-0.00699032380175,0.00716476086179,0.0005938276987,0.00144745282382
mesquite-l8,100,3,-0.0142114881848,0.0145649902168,-0.00713120280477,0.00730920736455,0.000605469237324,0.00147767811621
