frequency_hz,model,attenuation_db_per_mm,phase_velocity_fraction_c,beta_real,beta_imag,eigen_residual,bannister_attenuation_db_per_mm,bannister_phase_velocity_fraction_c
50.8626302083,pec,0.988834858731,0.781003715721,1.36491271654e-06,-1.13843820257e-07,3.1258225255e-12,1.04971343976,0.780880649359
61.03515625,pec,1.1710819474,0.788410011405,1.62250892987e-06,-1.34825791738e-07,3.06137419036e-12,1.24068118385,0.788802592412
71.2076822917,pec,1.35211347922,0.794728663778,1.87787698189e-06,-1.55667817064e-07,2.33700603492e-12,1.42930087024,0.795531989764
81.3802083333,pec,1.53182091319,0.800250704755,2.13133588646e-06,-1.76357399992e-07,2.05018539265e-12,1.6159621862,0.801385337164
91.552734375,pec,1.71012762714,0.80515507852,2.38314764081e-06,-1.96885719068e-07,2.11936877043e-12,1.80094920858,0.806567416068
101.725260417,pec,1.88706444832,0.809561810181,2.63352813794e-06,-2.17256323411e-07,1.47511893766e-12,1.98447766524,0.811218439767
111.897786458,pec,2.06275471855,0.813557444411,2.88265346629e-06,-2.37483413272e-07,1.21594454607e-12,2.16671660863,0.815438670079
122.0703125,pec,2.23737600815,0.817207755728,3.13066603918e-06,-2.5758743219e-07,9.71030242547e-13,2.34780185858,0.819302308791
132.242838542,pec,2.41112605287,0.820564506817,3.37768076177e-06,-2.77591145333e-07,1.21887572536e-12,2.52784477021,0.822865826849
142.415364583,pec,2.58419998885,0.823669354258,3.6237906797e-06,-2.97517018582e-07,9.16044379268e-13,2.70693818925,0.826173208048
152.587890625,pec,2.75677779484,0.826556320919,3.86907174844e-06,-3.17385772755e-07,4.06553929169e-13,2.88516063429,0.829259385378
162.760416667,pec,2.9290187949,0.829253491522,4.11358664786e-06,-3.37215750711e-07,6.16879853873e-13,3.06257931757,0.832152569967
172.932942708,pec,3.1010603653,0.831784245398,4.35738773741e-06,-3.57022768481e-07,4.48030143283e-13,3.23925237921,0.834875875287
183.10546875,pec,3.27301885479,0.834168186857,4.60051931035e-06,-3.76820221207e-07,4.63030061028e-13,3.41523057435,0.837448478134
193.277994792,pec,3.44499151064,0.836421863345,4.84301930627e-06,-3.96619304894e-07,3.94191463838e-13,3.59055856996,0.839886466501
203.450520833,pec,3.6170587488,0.838559327614,5.08492061635e-06,-4.16429277774e-07,4.10837001826e-13,3.7652759576,0.842203470552
213.623046875,pec,3.78928643767,0.840592582135,5.32625208552e-06,-4.36257723223e-07,3.23119778003e-13,3.93941805539,0.844411140122
223.795572917,pec,3.96172804752,0.842531933283,5.56703928841e-06,-4.56110797236e-07,3.62359789895e-13,4.1130165511,0.846519511465
233.968098958,pec,4.13442661006,0.844386275747,5.80730513488e-06,-4.7599345402e-07,2.68324584913e-13,4.28610002351,0.848537292766
244.140625,pec,4.30741647487,0.846163322618,6.04707034547e-06,-4.95909648217e-07,3.27583953905e-13,4.45869436957,0.85047208909
254.313151042,pec,4.48072486708,0.847869792855,6.28635382601e-06,-5.15862514237e-07,3.58355610251e-13,4.63082315738,0.852330581578
264.485677083,pec,4.65437325677,0.849511565117,6.52517296355e-06,-5.35854523914e-07,2.50455713492e-13,4.80250792058,0.854118671629
274.658203125,pec,4.82837855195,0.851093804797,6.76354385984e-06,-5.55887623853e-07,2.06730369073e-13,4.97376840545,0.855841597977
284.830729167,pec,5.00275412752,0.852621069549,7.00148151556e-06,-5.75963353897e-07,2.65243338314e-13,5.14462278011,0.857504032558
295.003255208,pec,5.17751070248,0.854097397411,7.23899997543e-06,-5.96082948117e-07,2.134557936e-13,5.31508781254,0.859110159626
305.17578125,pec,5.3526570778,0.855526380718,7.47611244222e-06,-6.16247419763e-07,2.5783472412e-13,5.48517902309,0.860663741506
315.348307292,pec,5.52820074771,0.856911228337,7.71283136645e-06,-6.36457631637e-07,1.74163415122e-13,5.65491081585,0.862168173618
325.520833333,pec,5.70414839713,0.858254818252,7.94916851702e-06,-6.56714353373e-07,1.36391736057e-13,5.82429659239,0.863626530797
335.693359375,pec,5.88050629821,0.85955974209,8.18513503713e-06,-6.77018307076e-07,1.69278827454e-13,5.99334885069,0.865041606521
345.865885417,pec,6.05728061834,0.860828342941,8.42074148879e-06,-6.97370202793e-07,1.37534929713e-13,6.16207927169,0.866415946307
356.038411458,pec,6.23447765192,0.86206274753,8.65599788897e-06,-7.17770765195e-07,1.25706011381e-13,6.3304987951,0.867751876285
366.2109375,pec,6.4121039872,0.863264893636,8.89091373925e-06,-7.38220752783e-07,1.75815646095e-13,6.49861768636,0.869051527772
376.383463542,pec,6.59016661877,0.864436553503,9.12549805086e-06,-7.58720970836e-07,2.36516289815e-13,6.66644559576,0.870316858486
386.555989583,pec,6.7686730153,0.865579353867,9.35975936642e-06,-7.79272279219e-07,1.02594106452e-13,6.83399161096,0.871549670954
396.728515625,pec,6.94763115118,0.8666947931,9.59370577922e-06,-7.99875596017e-07,1.70535114709e-13,7.00126430373,0.872751628529
406.901041667,pec,7.12704950961,0.867784255936,9.82734495089e-06,-8.20531897892e-07,1.50002194367e-13,7.16827177176,0.873924269402
417.073567708,pec,7.30693706355,0.86884902612,1.0060684128e-05,-8.41242217899e-07,1.6588962662e-13,7.33502167606,0.875069018877
427.24609375,pec,7.48730324049,0.869890297313,1.02937301577e-05,-8.62007641413e-07,1.05772903375e-13,7.5015212746,0.876187200189
437.418619792,pec,7.66815787523,0.870909182502,1.05264895034e-05,-8.82829300712e-07,6.67155089745e-14,7.66777745263,0.877280044044
447.591145833,pec,7.84951115513,0.871906722151,1.07589682592e-05,-9.03708368655e-07,8.1309564178e-14,7.83379675002,0.878348697075
457.763671875,pec,8.03137356049,0.872883891271,1.09911721653e-05,-9.24646051833e-07,7.9184887086e-14,7.99958538611,0.879394229348
467.936197917,pec,8.21375580299,0.873841605576,1.12231066218e-05,-9.45643583473e-07,9.25518622698e-14,8.16514928212,0.880417641049
478.108723958,pec,8.39666876392,0.874780726857,1.14547767034e-05,-9.6670221633e-07,7.81486161913e-14,8.33049408167,0.881419868455
488.28125,pec,8.58012343386,0.875702067693,1.16861871735e-05,-9.87823215743e-07,7.99927800084e-14,8.49562516943,0.88240178928
498.453776042,pec,8.76413085486,0.876606395587,1.19173424977e-05,-1.00900785297e-06,7.1794345072e-14,8.66054768812,0.883364227476
50.8626302083,bulk,1.05614733383,0.780231836016,1.36626301831e-06,-1.21593455344e-07,5.00926657536e-12,1.04971343976,0.780880649359
61.03515625,bulk,1.2392784946,0.787859124201,1.62364342128e-06,-1.42677209387e-07,2.96330728765e-12,1.24068118385,0.788802592412
71.2076822917,bulk,1.42081427134,0.794318092419,1.87884762893e-06,-1.63577288055e-07,1.9523075818e-12,1.42930087024,0.795531989764
81.3802083333,bulk,1.60081202406,0.799933952054,2.13217983913e-06,-1.84300295165e-07,2.38673827827e-12,1.6159621862,0.801385337164
91.552734375,bulk,1.77928376953,0.804903698876,2.38389192215e-06,-2.04847614197e-07,1.463138062e-12,1.80094920858,0.806567416068
101.725260417,bulk,1.9563100228,0.809357562226,2.63419273015e-06,-2.25228514789e-07,1.317766812e-12,1.98447766524,0.811218439767
111.897786458,bulk,2.13204284526,0.813388170929,2.88325337272e-06,-2.45460503656e-07,7.44863771872e-13,2.16671660863,0.815438670079
122.0703125,bulk,2.30667673997,0.817065086139,3.13121269188e-06,-2.6556597379e-07,9.55066780107e-13,2.34780185858,0.819302308791
132.242838542,bulk,2.48041956106,0.820442512549,3.37818300011e-06,-2.85568855283e-07,5.78794571454e-13,2.52784477021,0.822865826849
142.415364583,bulk,2.65347255228,0.823563730005,3.62425544055e-06,-3.05492317178e-07,6.13364986086e-13,2.70693818925,0.826173208048
152.587890625,bulk,2.82601941357,0.826463869306,3.86950455856e-06,-3.2535750871e-07,6.10200423118e-13,2.88516063429,0.829259385378
162.760416667,bulk,2.99822176224,0.829171789391,4.11399197858e-06,-3.45183036761e-07,5.45024169712e-13,3.06257931757,0.832152569967
172.932942708,bulk,3.17021841224,0.831711422269,4.3577692623e-06,-3.64984882878e-07,4.79904805186e-13,3.23925237921,0.834875875287
183.10546875,bulk,3.34212663852,0.834102774561,4.60088009387e-06,-3.84776548838e-07,4.03360889299e-13,3.41523057435,0.837448478134
193.277994792,bulk,3.51404431041,0.8363626919,4.84336194285e-06,-4.04569302264e-07,2.89965857263e-13,3.59055856996,0.839886466501
203.450520833,bulk,3.68605228653,0.838505451785,5.08524733374e-06,-4.24372452348e-07,3.62881499378e-13,3.7652759576,0.842203470552
213.623046875,bulk,3.85821677295,0.84054322874,5.32656482211e-06,-4.44193621347e-07,4.42793101456e-13,3.93941805539,0.844411140122
223.795572917,bulk,4.03059151662,0.842486462783,5.56733975146e-06,-4.64038997106e-07,3.87652243377e-13,4.1130165511,0.846519511465
233.968098958,bulk,4.2032197902,0.844344153824,5.80759484479e-06,-4.83913561574e-07,3.19604779124e-13,4.28610002351,0.848537292766
244.140625,bulk,4.3761361627,0.846124098837,6.04735066955e-06,-5.03821294657e-07,2.95143598203e-13,4.45869436957,0.85047208909
254.313151042,bulk,4.5493680647,0.847833084439,6.28662600469e-06,-5.23765354416e-07,5.39138251294e-13,4.63082315738,0.852330581578
264.485677083,bulk,4.72293716136,0.849477044447,6.52543813062e-06,-5.43748235144e-07,3.13277764087e-13,4.80250792058,0.854118671629
274.658203125,bulk,4.8968605469,0.85106118966,6.76380305848e-06,-5.63771904888e-07,1.47492612328e-13,4.97376840545,0.855841597977
284.830729167,bulk,5.07115177395,0.852590115454,7.00173571101e-06,-5.83837923951e-07,2.30782484178e-13,5.14462278011,0.857504032558
295.003255208,bulk,5.24582173053,0.854067891459,7.23925006514e-06,-6.03947545861e-07,1.58997805014e-13,5.31508781254,0.859110159626
305.17578125,bulk,5.42087937759,0.855498136668,7.47635926414e-06,-6.24101802288e-07,1.58949725698e-13,5.48517902309,0.860663741506
315.348307292,bulk,5.5963323599,0.856884082599,7.7130757058e-06,-6.44301573367e-07,2.64780635789e-13,5.65491081585,0.862168173618
325.520833333,bulk,5.77218750328,0.858228626595,7.94941111193e-06,-6.6454764495e-07,1.50716554827e-13,5.82429659239,0.863626530797
335.693359375,bulk,5.94845121094,0.859534376926,8.18537658336e-06,-6.84840754235e-07,1.18468608617e-13,5.99334885069,0.865041606521
345.865885417,bulk,6.12512977161,0.86080369106,8.4209826438e-06,-7.05181625238e-07,1.54873102796e-13,6.16207927169,0.866415946307
356.038411458,bulk,6.30222959141,0.862038708199,8.65623927535e-06,-7.2557099549e-07,1.5547691176e-13,6.3304987951,0.867751876285
366.2109375,bulk,6.47975736098,0.863241376994,8.89115594779e-06,-7.4600963528e-07,1.42683532172e-13,6.49861768636,0.869051527772
376.383463542,bulk,6.65772016834,0.864413479202,9.12574164319e-06,-7.66498360648e-07,1.24272313473e-13,6.66644559576,0.870316858486
386.555989583,bulk,6.8361255671,0.865556649905,9.36000487736e-06,-7.87038041231e-07,1.61000440999e-13,6.83399161096,0.871549670954
396.728515625,bulk,7.01498160851,0.866672394824,9.5939537189e-06,-8.07629603969e-07,1.54872847202e-13,7.00126430373,0.872751628529
406.901041667,bulk,7.19429684513,0.867762105178,9.82759580667e-06,-8.28274033509e-07,1.12799996085e-13,7.16827177176,0.873924269402
417.073567708,bulk,7.37408031233,0.868827070455,1.00609383661e-05,-8.48972370085e-07,1.13325930207e-13,7.33502167606,0.875069018877
427.24609375,bulk,7.55434149349,0.869868489408,1.02939882251e-05,-8.69725705515e-07,9.03281666266e-14,7.5015212746,0.876187200189
437.418619792,bulk,7.73509027346,0.87088747955,1.05267518288e-05,-8.90535177832e-07,1.0239889839e-13,7.66777745263,0.877280044044
447.591145833,bulk,7.91633688418,0.871885085379,1.07592352547e-05,-9.11401965032e-07,7.21083240793e-14,7.83379675002,0.878348697075
457.763671875,bulk,8.09809184567,0.872862285503,1.09914442274e-05,-9.32327278277e-07,1.06840730256e-13,7.99958538611,0.879394229348
467.936197917,bulk,8.28036590485,0.873819998851,1.12233841327e-05,-9.53312354853e-07,8.683481711e-14,8.16514928212,0.880417641049
478.108723958,bulk,8.4631699743,0.874759090093,1.1455060032e-05,-9.74358451115e-07,1.14047162676e-13,8.33049408167,0.881419868455
488.28125,bulk,8.64651507229,0.875680374388,1.16864766764e-05,-9.9546683559e-07,7.56120659361e-14,8.49562516943,0.88240178928
498.453776042,bulk,8.83041226538,0.876584621555,1.191763852e-05,-1.01663878236e-06,8.05175097353e-14,8.66054768812,0.883364227476
50.8626302083,impedance,1.06934223774,0.775908171745,1.37387637104e-06,-1.23112574796e-07,6.37225325154e-12,1.04971343976,0.780880649359
61.03515625,impedance,1.25904627375,0.783675374332,1.63231144656e-06,-1.44953059066e-07,3.76982255844e-12,1.24068118385,0.788802592412
71.2076822917,impedance,1.44689695362,0.790280302342,1.8884472511e-06,-1.66580167825e-07,2.36242936733e-12,1.42930087024,0.795531989764
81.3802083333,impedance,1.63290799153,0.796036639352,2.14261877016e-06,-1.87995479977e-07,1.94040512702e-12,1.6159621862,0.801385337164
91.552734375,impedance,1.81709424121,0.801137369145,2.39509914249e-06,-2.09200705619e-07,1.87588058816e-12,1.80094920858,0.806567416068
101.725260417,impedance,1.9995567679,0.805711817906,2.6461121199e-06,-2.30207480318e-07,1.57748296857e-12,1.98447766524,0.811218439767
111.897786458,impedance,2.18047333211,0.809852978376,2.89583942985e-06,-2.51036269509e-07,8.6489982379e-13,2.16671660863,0.815438670079
122.0703125,impedance,2.36006386147,0.813631245665,3.14442762793e-06,-2.71712393297e-07,1.03493151473e-12,2.34780185858,0.819302308791
132.242838542,impedance,2.53855922055,0.817101780266,3.39199474949e-06,-2.92262430946e-07,1.15217865566e-12,2.52784477021,0.822865826849
142.415364583,impedance,2.71618062651,0.820308791404,3.63863627989e-06,-3.12711851024e-07,8.91331531689e-13,2.70693818925,0.826173208048
152.587890625,impedance,2.89312876765,0.823288255328,3.88443013619e-06,-3.33083758625e-07,8.07395416748e-13,2.88516063429,0.829259385378
162.760416667,impedance,3.06957958602,0.826069776175,4.12944062209e-06,-3.53398409826e-07,1.02776536447e-12,3.06257931757,0.832152569967
172.932942708,impedance,3.24568395538,0.828677932705,4.37372147613e-06,-3.73673174611e-07,5.13482004442e-13,3.23925237921,0.834875875287
183.10546875,impedance,3.42156933448,0.831133288941,4.61731818804e-06,-3.93922727211e-07,4.78782030079e-13,3.41523057435,0.837448478134
193.277994792,impedance,3.59734224526,0.83345316989,4.86026975325e-06,-4.14159331417e-07,5.32450305569e-13,3.59055856996,0.839886466501
203.450520833,impedance,3.77309095818,0.835652265648,5.10261000694e-06,-4.34393149741e-07,3.30733673195e-13,3.7652759576,0.842203470552
213.623046875,impedance,3.94888808836,0.837743106795,5.34436864638e-06,-4.54632542308e-07,3.4427401842e-13,3.93941805539,0.844411140122
223.795572917,impedance,4.12479298034,0.839736441756,5.58557202128e-06,-4.74884341411e-07,2.88941623304e-13,4.1130165511,0.846519511465
233.968098958,impedance,4.30085384531,0.841641538759,5.82624375004e-06,-4.95154097567e-07,4.27777212087e-13,4.28610002351,0.848537292766
244.140625,impedance,4.47710965211,0.843466429326,6.06640520324e-06,-5.15446297233e-07,2.80332652132e-13,4.45869436957,0.85047208909
254.313151042,impedance,4.65359178738,0.845218106108,6.30607588474e-06,-5.35764553925e-07,2.38871340032e-13,4.63082315738,0.852330581578
264.485677083,impedance,4.83032550312,0.846902684791,6.54527373271e-06,-5.5611177489e-07,1.64148188455e-13,4.80250792058,0.854118671629
274.658203125,impedance,5.00733116998,0.848525537483,6.78401535757e-06,-5.76490305384e-07,2.31159032612e-13,4.97376840545,0.855841597977
284.830729167,impedance,5.1846253529,0.85009140328,7.02231622999e-06,-5.96902052517e-07,1.90041217401e-13,5.14462278011,0.857504032558
295.003255208,impedance,5.36222172479,0.851604480425,7.26019082919e-06,-6.17348590442e-07,2.40569685525e-13,5.31508781254,0.859110159626
305.17578125,impedance,5.54013183335,0.853068503466,7.49765276006e-06,-6.37831248634e-07,1.19425606907e-13,5.48517902309,0.860663741506
315.348307292,impedance,5.71836573532,0.854486808147,7.73471484541e-06,-6.58351184922e-07,1.13165712454e-13,5.65491081585,0.862168173618
325.520833333,impedance,5.89693251271,0.855862386142,7.97138919913e-06,-6.78909444907e-07,1.5427956576e-13,5.82429659239,0.863626530797
335.693359375,impedance,6.07584068458,0.857197931384,8.20768728422e-06,-6.99507009386e-07,1.49525003836e-13,5.99334885069,0.865041606521
345.865885417,impedance,6.255098528,0.858495879362,8.4436199595e-06,-7.20144831289e-07,9.87239998931e-14,6.16207927169,0.866415946307
356.038411458,impedance,6.43471432058,0.85975844054,8.6791975175e-06,-7.40823863612e-07,1.6123791801e-13,6.3304987951,0.867751876285
366.2109375,impedance,6.61469651674,0.860987628823,8.91442971594e-06,-7.61545079706e-07,1.88342881632e-13,6.49861768636,0.869051527772
376.383463542,impedance,6.79505386832,0.86218528586,9.14932580439e-06,-7.82309487164e-07,1.138233548e-13,6.66644559576,0.870316858486
386.555989583,impedance,6.97579549962,0.863353101829,9.3838945474e-06,-8.0311813646e-07,9.18285134107e-14,6.83399161096,0.871549670954
396.728515625,impedance,7.15693094553,0.864492633236,9.61814424522e-06,-8.23972125338e-07,8.70821751984e-14,7.00126430373,0.872751628529
406.901041667,impedance,7.33847016048,0.865605318198,9.85208275268e-06,-8.44872599845e-07,1.04197845824e-13,7.16827177176,0.873924269402
417.073567708,impedance,7.52042350493,0.866692489587,1.00857174969e-05,-8.65820752772e-07,8.87485954761e-14,7.33502167606,0.875069018877
427.24609375,impedance,7.70280171498,0.867755386357,1.03190554944e-05,-8.8681782016e-07,1.08360246038e-13,7.5015212746,0.876187200189
437.418619792,impedance,7.88561585996,0.868795163331,1.05521033667e-05,-9.07865076411e-07,1.10236837659e-13,7.66777745263,0.877280044044
447.591145833,impedance,8.06887729188,0.869812899679,1.07848673572e-05,-9.28963828474e-07,6.24967360725e-14,7.83379675002,0.878348697075
457.763671875,impedance,8.25259758997,0.870809606276,1.10173533458e-05,-9.50115409458e-07,9.24888313082e-14,7.99958538611,0.879394229348
467.936197917,impedance,8.43678850294,0.871786232119,1.12495668647e-05,-9.7132117198e-07,7.5988283662e-14,8.16514928212,0.880417641049
478.108723958,impedance,8.62146189077,0.872743669929,1.1481513113e-05,-9.92582481475e-07,8.03922124967e-14,8.33049408167,0.881419868455
488.28125,impedance,8.80662966785,0.873682761063,1.17131969719e-05,-1.01390070964e-06,1.12635237848e-13,8.49562516943,0.88240178928
498.453776042,impedance,8.99230374834,0.874604299841,1.19446230184e-05,-1.03527722813e-06,6.4581750087e-14,8.66054768812,0.883364227476
