frequency_hz,radial_spacing_km,attenuation_db_per_mm,phase_velocity_fraction_c,attenuation_error_db_per_mm,phase_velocity_error_fraction_c,beta_real_rad_per_m,beta_imag_rad_per_m,eigen_residual
50.8626302083,5,1.04756749674,0.771378795827,0.00314786817877,0.00136425810812,1.38194348746e-06,-1.20605665095e-07,1.57402671682e-08
61.03515625,5,1.23702276653,0.779149968583,0.00182466667987,0.00148963266632,1.64179212666e-06,-1.42417509096e-07,1.05863680047e-08
71.2076822917,5,1.42355299356,0.785671650409,-0.000376973093292,0.0015235863142,1.8995246472e-06,-1.63892595103e-07,6.3775289521e-09
81.3802083333,5,1.60853398345,0.791281848366,-0.00249564358218,0.00149728987937,2.15549370775e-06,-1.85189318594e-07,5.6268630314e-09
91.552734375,5,1.79285218694,0.796212593132,-0.00395349092159,0.00144412206709,2.40991343569e-06,-2.06409735979e-07,4.5551734174e-09
101.725260417,5,1.97697310866,0.800623966744,-0.00452472981763,0.00138807094426,2.66292778516e-06,-2.27607440463e-07,4.31267790913e-09
111.897786458,5,2.16107466175,0.804627378192,-0.00422384787205,0.00134317131516,2.91464627071e-06,-2.48802915049e-07,3.58400033587e-09
122.0703125,5,2.34516391464,0.808301432818,-0.00320223136287,0.00131591675521,3.16516149043e-06,-2.69996973524e-07,2.99543384914e-09
132.242838542,5,2.52916131817,0.811702582285,-0.00167271362083,0.00130784885128,3.41455726389e-06,-2.9118045745e-07,2.25636115834e-09
142.415364583,5,2.71295585938,0.814872256212,0.000139607713579,0.00131759627719,3.66291195505e-06,-3.12340585989e-07,2.71252020851e-09
152.587890625,5,2.89643841636,0.8178416047,0.00202651671528,0.00134229469823,3.91029961228e-06,-3.33464796014e-07,2.10366944643e-09
162.760416667,5,3.07951993553,0.820634680635,0.00381181469372,0.00137850918451,4.1567900686e-06,-3.54542834856e-07,1.92117508657e-09
172.932942708,5,3.26213957126,0.823270576295,0.00535718331658,0.00142279352959,4.40244869114e-06,-3.75567697402e-07,1.56781088718e-09
183.10546875,5,3.444266551,0.825764860088,0.00656234224605,0.00147200321153,4.64733610886e-06,-3.96535840831e-07,1.11201374241e-09
193.277994792,5,3.62589829397,0.828130549773,0.00736184401428,0.00152344558538,4.8915080279e-06,-4.17446968021e-07,1.1939833606e-09
203.450520833,5,3.80705666738,0.8303787756,0.00772027303011,0.001574929036,5.13501517418e-06,-4.38303596525e-07,8.98420664889e-10
213.623046875,5,3.98778336416,0.832519230029,0.00762682198135,0.0016247512849,5.37790339512e-06,-4.5911052642e-07,1.02990077699e-09
223.795572917,5,4.16813530048,0.834560481927,0.00709000686485,0.00167165567037,5.62021384417e-06,-4.79874310423e-07,9.53739239053e-10
233.968098958,5,4.34818028605,0.836510193081,0.00613279365592,0.00171477176746,5.86198326755e-06,-5.00602755416e-07,1.01847851055e-09
244.140625,5,4.5279932371,0.838375274831,0.00478837553966,0.00175355206698,6.10324432177e-06,-5.21304486446e-07,9.0610743885e-10
254.313151042,5,4.70765300669,0.840161998897,0.00309662615658,0.00178771059556,6.34402594175e-06,-5.4198858181e-07,8.52241586647e-10
264.485677083,5,4.88723982437,0.841876083846,0.00110122769709,0.00181716752148,6.58435368731e-06,-5.62664278275e-07,8.19209708947e-10
274.658203125,5,5.0668332793,0.843522759862,-0.00115260746684,0.00184200037538,6.8242500991e-06,-5.83340738881e-07,7.44120486079e-10
284.830729167,5,5.246510803,0.845106820405,-0.00361987523835,0.00186240305886,7.0637350381e-06,-6.04026878261e-07,6.69443141213e-10
295.003255208,5,5.42634656495,0.846632665284,-0.00625707276249,0.00187865185715,7.3028259981e-06,-6.24731235493e-07,6.38140747063e-10
305.17578125,5,5.60641070866,0.848104337555,-0.0090231321007,0.0018910779507,7.54153838898e-06,-6.45461886148e-07,6.40963881871e-10
315.348307292,5,5.78676887166,0.849525555454,-0.0118800388745,0.00190004556645,7.7798857936e-06,-6.66226387025e-07,6.01156780844e-10
325.520833333,5,5.96748190886,0.850899739196,-0.0147932319303,0.00190593489379,8.01788021146e-06,-6.87031744303e-07,5.44278336212e-10
335.693359375,5,6.14860579066,0.85223003757,-0.0177318116907,0.00190912911264,8.25553225223e-06,-7.07884401813e-07,4.5508606011e-10
345.865885417,5,6.33019163048,0.853519349801,-0.0206686114222,0.00191000463738,8.49285132648e-06,-7.28790244207e-07,4.69544183216e-10
356.038411458,5,6.51228579168,0.854770347026,-0.0235801689632,0.00190892405251,8.72984579864e-06,-7.49754609262e-07,3.36747900335e-10
366.2109375,5,6.69493007801,0.855985490598,-0.0264466127206,0.00190623112203,8.96652313355e-06,-7.70782309813e-07,4.05856719504e-10
376.383463542,5,6.87816195291,0.85716705012,-0.0292515084752,0.00190224751626,9.20289001191e-06,-7.91877658998e-07,3.03821748095e-10
386.555989583,5,7.06201479858,0.858317119014,-0.0319816558408,0.00189727092786,9.43895243991e-06,-8.13044500086e-07,3.63738435927e-10
396.728515625,5,7.2465181758,0.859437629094,-0.0346268791465,0.00189157387603,9.67471584198e-06,-8.34286236385e-07,3.71574519252e-10
406.901041667,5,7.43169811476,0.860530364498,-0.0371797892748,0.00188540370393,9.91018513451e-06,-8.55605864734e-07,2.75869074351e-10
417.073567708,5,7.61757737533,0.861596973511,-0.0396355578126,0.00187898276046,1.01453647998e-05,-8.77006005458e-07,2.65586165321e-10
427.24609375,5,7.80417573244,0.862638979993,-0.0419916751233,0.00187250919782,1.03802589438e-05,-8.98488935231e-07,2.49080739589e-10
437.418619792,5,7.99151022158,0.863657793961,-0.0442477336253,0.00186615799323,1.06148713438e-05,-9.20056615335e-07,2.35186241848e-10
447.591145833,5,8.17959540071,0.864654720601,-0.046405200783,0.00186008212853,1.0849205498e-05,-9.4171072182e-07,3.06051748567e-10
457.763671875,5,8.36844358217,0.865630969767,-0.0484672140043,0.00185441394745,1.10832646525e-05,-9.63452672193e-07,2.19363818257e-10
467.936197917,5,8.55806504879,0.866587662593,-0.0504383842988,0.0018492665698,1.13170518498e-05,-9.85283650311e-07,2.65818025439e-10
478.108723958,5,8.74846827365,0.867525840102,-0.0523246085392,0.00184473526295,1.15505699397e-05,-1.00720463167e-06,2.20357313798e-10
488.28125,5,8.9396601033,0.868446469047,-0.0541329005048,0.0018408988704,1.17838216125e-05,-1.02921640451e-06,2.12996103555e-10
498.453776042,5,9.1316459422,0.869350448114,-0.0558712255037,0.00183782121201,1.20168094174e-05,-1.05131959105e-06,1.80048964173e-10
50.8626302083,2.5,1.0454004192,0.77022475441,0.000980790639729,0.000210216690791,1.38401407791e-06,-1.20356171073e-07,1.4104651386e-08
61.03515625,2.5,1.23633676538,0.777882740197,0.00113866552341,0.000222404280745,1.64446672718e-06,-1.42338530294e-07,8.22312309675e-09
71.2076822917,2.5,1.42521158834,0.784381322041,0.00128162168897,0.000233257945908,1.90264941632e-06,-1.64083547884e-07,7.19423479163e-09
81.3802083333,2.5,1.61243942448,0.790027273977,0.00140979744279,0.000242715490146,2.15891666198e-06,-1.85638949108e-07,4.72962554086e-09
91.552734375,2.5,1.79833581547,0.795019502306,0.00153013761375,0.000251031240606,2.41353000812e-06,-2.07041062045e-07,4.8499361893e-09
101.725260417,2.5,1.98314471249,0.799494495121,0.00164687401104,0.000258599321565,2.66668978901e-06,-2.28317972611e-07,3.32799927966e-09
111.897786458,2.5,2.16705780171,0.803549922921,0.00175929208966,0.000265716044726,2.91855442987e-06,-2.49491749493e-07,3.26365988264e-09
122.0703125,2.5,2.35023010007,0.807258038307,0.00186395406303,0.000272522244652,3.16925251457e-06,-2.70580239676e-07,2.43419634346e-09
132.242838542,2.5,2.53279139951,0.81067378188,0.00195736772235,0.000279048445665,3.41889057031e-06,-2.91598386009e-07,2.07109135852e-09
142.415364583,2.5,2.71485369206,0.813839939635,0.00203744038433,0.000285279700727,3.66755818159e-06,-3.12559082049e-07,2.33568257406e-09
152.587890625,2.5,2.89651561941,0.816790510785,0.0021037197702,0.000291200783373,3.91533161507e-06,-3.33473684344e-07,2.1940583594e-09
162.760416667,2.5,3.07786505056,0.819552986385,0.00215692973211,0.000296814933729,4.1622764447e-06,-3.54352309184e-07,1.47487297718e-09
172.932942708,2.5,3.25898070784,0.822149928683,0.0021983199048,0.000302145917373,4.40844953532e-06,-3.75204019812e-07,1.45886884985e-09
183.10546875,2.5,3.43993330871,0.824600088428,0.00222909995698,0.000307231551588,4.65390060658e-06,-3.96036957876e-07,1.58048830718e-09
193.277994792,2.5,3.62078654079,0.826919219542,0.00225009083193,0.000312115353974,4.89867345762e-06,-4.16858455687e-07,1.01655941624e-09
203.450520833,2.5,3.80159796882,0.829120685736,0.00226157447019,0.000316839171902,5.14280693556e-06,-4.37675140628e-07,1.04271177273e-09
213.623046875,2.5,3.98241984301,0.83121591757,0.00226330083455,0.000321438825942,5.38633572702e-06,-4.58493028228e-07,9.92924674845e-10
223.795572917,2.5,4.16329989198,0.833214768079,0.00225459836794,0.000325941822507,5.62929097516e-06,-4.79317613447e-07,8.24500872434e-10
233.968098958,2.5,4.34428199778,0.835125788483,0.0022345053876,0.000330367169812,5.87170079358e-06,-5.00153948393e-07,9.9705932845e-10
244.140625,2.5,4.52540678902,0.836956449198,0.00220192746078,0.000334726434093,6.11359066595e-06,-5.21006710606e-07,8.45787507653e-10
254.313151042,2.5,4.70671213505,0.838713313342,0.0021557545196,0.000339025041002,6.35498379659e-06,-5.41880259959e-07,8.53400650921e-10
264.485677083,2.5,4.88823355083,0.840402180594,0.00209495414877,0.00034326426967,6.59590137309e-06,-5.6277868526e-07,8.41160045511e-10
274.658203125,2.5,5.07000452172,0.842028202177,0.00201863494576,0.000347442690527,6.8363627996e-06,-5.83705841656e-07,7.51787866165e-10
284.830729167,2.5,5.25205675295,0.843595974928,0.00192607470348,0.000351557582412,7.0763858952e-06,-6.04665379345e-07,6.99906116372e-10
295.003255208,2.5,5.43442036024,0.845109619395,0.00181672253323,0.000355605967944,7.31598705894e-06,-6.25660765528e-07,5.32951294922e-10
305.17578125,2.5,5.61712402921,0.846572844946,0.00169018844979,0.000359585341969,7.55518140903e-06,-6.46695302758e-07,5.88509452377e-10
315.348307292,2.5,5.8001951311,0.847989003971,0.00154622056,0.000363494083584,7.79398290453e-06,-6.67772142266e-07,5.3908575853e-10
325.520833333,2.5,5.98365981197,0.849361135954,0.00138467117437,0.000367331652257,8.032404465e-06,-6.88894294229e-07,5.50560502349e-10
335.693359375,2.5,6.16754306741,0.850692007082,0.00120546506041,0.000371098624401,8.27045805404e-06,-7.1006463637e-07,4.72231014188e-10
345.865885417,2.5,6.35186881123,0.851984141828,0.00100856932507,0.000374796664986,8.5081547722e-06,-7.31285921869e-07,3.82197113621e-10
356.038411458,2.5,6.53665992543,0.853239851234,0.000793964778385,0.000378428260248,8.74550492689e-06,-7.52560785113e-07,4.11475519497e-10
366.2109375,2.5,6.72193831305,0.854461256063,0.000561622322483,0.000381996586871,8.98251810597e-06,-7.73891747783e-07,3.1970301727e-10
376.383463542,2.5,6.90772494508,0.855650307898,0.000311483700048,0.000385505294031,9.21920323207e-06,-7.95281224252e-07,2.96574973939e-10
386.555989583,2.5,7.09403990378,0.856808806375,4.34493524324e-05,0.000388958288963,9.45556862214e-06,-8.16731526577e-07,3.53086788635e-10
396.728515625,2.5,7.28090242492,0.857938414707,-0.00024263002395,0.000392359489605,9.69162203586e-06,-8.38244869358e-07,3.70236601499e-10
406.901041667,2.5,7.46833094322,0.859040673571,-0.000546960814221,0.000395712776676,9.92737071528e-06,-8.5982337497e-07,2.77448154281e-10
417.073567708,2.5,7.65634313057,0.860117012567,-0.000869802570524,0.000399021817085,1.01628214289e-05,-8.81469077965e-07,3.49115039956e-10
427.24609375,2.5,7.84495593515,0.861168760693,-0.00121147241601,0.000402289897229,1.03979805075e-05,-9.03183929574e-07,2.4960383855e-10
437.418619792,2.5,8.03418562117,0.862197155942,-0.00157233403425,0.000405519973905,1.0632853872e-05,-9.24969802282e-07,2.50651933137e-10
447.591145833,2.5,8.2240478055,0.863203352999,-0.00195279599244,0.000408714526416,1.08674470692e-05,-9.46828494051e-07,2.27039010999e-10
457.763671875,2.5,8.41455749038,0.864188431418,-0.00235330579876,0.000411875598292,1.11017652869e-05,-9.68761732074e-07,2.71118865031e-10
467.936197917,2.5,8.60572909376,0.865153400834,-0.00277433932291,0.000415004810261,1.13358133951e-05,-9.90771176282e-07,2.92582300932e-10
478.108723958,2.5,8.79757648569,0.866099208148,-0.00321639649795,0.000418103309021,1.15695959497e-05,-1.01285842352e-06,2.58113483842e-10
488.28125,2.5,8.99011301161,0.867026742006,-0.00367999219183,0.000421171828933,1.18031172229e-05,-1.03502501024e-06,2.55588320428e-10
498.453776042,2.5,9.18335151697,0.867936837646,-0.00416565073754,0.000424210743729,1.2036381219e-05,-1.05727241534e-06,2.03605472754e-10
50.8626302083,1.25,1.04494911938,0.770028225464,0.000529490820903,1.3687744706e-05,1.38436731019e-06,-1.20304213261e-07,1.33732302006e-08
61.03515625,1.25,1.23581188759,0.77767833978,0.000613787740456,1.800386316e-05,1.64489894918e-06,-1.42278101506e-07,1.27036439164e-08
71.2076822917,1.25,1.42462429542,0.784169782277,0.000694328767841,2.17181818299e-05,1.90316268018e-06,-1.64015933288e-07,6.25531589041e-09
81.3802083333,1.25,1.61180152898,0.78980954635,0.00077190194541,2.49878628769e-05,2.1595118128e-06,-1.85565508675e-07,5.52305473004e-09
91.552734375,1.25,1.79765254727,0.794796404817,0.000846869413221,2.7933751354e-05,2.41420748034e-06,-2.06962397887e-07,3.5553900481e-09
101.725260417,1.25,1.98241696844,0.799266530948,0.000919129957606,3.06351483975e-05,2.66745037351e-06,-2.28234187981e-07,4.23846836437e-09
111.897786458,1.25,2.16628693504,0.80331734589,0.000988425419429,3.31390135017e-05,2.9193994119e-06,-2.49403000188e-07,3.37645784628e-09
122.0703125,1.25,2.34942072671,0.807020991263,0.00105458070877,3.54751998897e-05,3.17018342213e-06,-2.70487057125e-07,2.39074019435e-09
132.242838542,1.25,2.53195159815,0.810432398718,0.00111756635916,3.7665283767e-05,3.41990886945e-06,-2.91501700304e-07,2.50367198911e-09
142.415364583,1.25,2.71399370074,0.813594387814,0.00117744906413,3.97278789771e-05,3.66866509138e-06,-3.1246007189e-07,2.32343647586e-09
152.587890625,1.25,2.89564622352,0.816540990106,0.00123432388156,4.16801046124e-05,3.91652807209e-06,-3.33373591443e-07,2.17716531712e-09
162.760416667,1.25,3.07699638241,0.819299709094,0.00128826158036,4.35376435873e-05,4.16356316565e-06,-3.54252300067e-07,1.83049594664e-09
172.932942708,1.25,3.25812165909,0.821893096817,0.00133927114928,4.53140511167e-05,4.40982712363e-06,-3.75105118169e-07,1.48103317043e-09
183.10546875,1.25,3.43909151313,0.824339877682,0.00138730437765,4.70208055814e-05,4.6553696547e-06,-3.95940042579e-07,1.22481118773e-09
193.277994792,1.25,3.61996871694,0.826655771287,0.00143226698263,4.86670986108e-05,4.90023462374e-06,-4.16764300237e-07,1.22627712896e-09
203.450520833,1.25,3.80081042447,0.8288541067,0.00147403011463,5.02601359234e-05,5.14446098361e-06,-4.37584471234e-07,1.04052652774e-09
213.623046875,1.25,3.98166899668,0.830946284244,0.00151245450357,5.18055000236e-05,5.38808353629e-06,-4.5840658385e-07,9.84739733403e-10
223.795572917,1.25,4.16259269457,0.832942133759,0.00154740095166,5.33075022885e-05,5.63113352563e-06,-4.79236194336e-07,7.65260640734e-10
233.968098958,1.25,4.34362623017,0.834850190732,0.00157873776895,5.47694187922e-05,5.87363913839e-06,-5.00078450356e-07,8.84597846876e-10
244.140625,1.25,4.5248112138,0.836677916798,0.00160635224634,5.61940338097e-05,6.11562589725e-06,-5.20938142476e-07,8.58214717819e-10
254.313151042,1.25,4.70618652589,0.838431871895,0.00163014535396,5.75835934516e-05,6.35711701206e-06,-5.41819746968e-07,7.96056927273e-10
264.485677083,1.25,4.88778862984,0.840117856503,0.00165003315961,5.89401782883e-05,6.59813364758e-06,-5.62727461838e-07,8.0793409407e-10
274.658203125,1.25,5.06965183215,0.841741025127,0.00166594537976,6.02656400883e-05,6.83869516365e-06,-5.83665236769e-07,7.76401777454e-10
284.830729167,1.25,5.25180849698,0.843305979099,0.00167781873629,6.15617534461e-05,7.07881932084e-06,-6.0463679782e-07,6.85057880049e-10
295.003255208,1.25,5.43428923286,0.844816843633,0.00168559515401,6.28302062368e-05,7.31852245309e-06,-6.25645668931e-07,6.2563666935e-10
305.17578125,1.25,5.6171230592,0.846277332274,0.0016892184385,6.40726693153e-05,7.55781961257e-06,-6.46695191081e-07,5.95284541712e-10
315.348307292,1.25,5.80033754082,0.847690800578,0.00168863028353,6.52906903733e-05,7.79672469688e-06,-6.67788537791e-07,4.64813088866e-10
325.520833333,1.25,5.98395890951,0.849060290085,0.00168376872006,6.64857830805e-05,8.03525057113e-06,-6.88928729106e-07,5.247127417e-10
335.693359375,1.25,6.16801216982,0.850388567792,0.00167456747136,6.76593338992e-05,8.2734091543e-06,-7.10118643781e-07,5.57221018576e-10
345.865885417,1.25,6.35252119559,0.851678157822,0.00166095368701,6.88126587814e-05,8.51121151289e-06,-7.31361030394e-07,3.53610443571e-10
356.038411458,1.25,6.53750880917,0.852931369906,0.00164284852629,6.99469322234e-05,8.74866793047e-06,-7.52658516466e-07,3.35536464969e-10
366.2109375,1.25,6.72299685757,0.854150322726,0.00162016683752,7.1063249613e-05,8.98578798044e-06,-7.74013617224e-07,4.24491441772e-10
376.383463542,1.25,6.90900628054,0.855336965165,0.00159281915559,7.21625618335e-05,9.22258057976e-06,-7.95428743448e-07,3.76556280359e-10
386.555989583,1.25,7.09555716269,0.856493093808,0.00156070826423,7.32457215236e-05,9.45905404645e-06,-8.16906207465e-07,3.77430090733e-10
396.728515625,1.25,7.28266879159,0.857620368671,0.00152373665064,7.4313453083e-05,9.6952161459e-06,-8.38448229837e-07,2.67214917774e-10
406.901041667,1.25,7.47035970499,0.858720327178,0.00148180095419,7.53663843195e-05,9.93107412988e-06,-8.600569448e-07,3.49177844612e-10
417.073567708,1.25,7.65864773035,0.859794395823,0.00143479720758,7.64050728468e-05,1.01666347782e-05,-8.8173440482e-07,3.40009536902e-10
427.24609375,1.25,7.847550026,0.860843900728,0.00138261843907,7.74299328553e-05,1.04019044333e-05,-9.0348258532e-07,3.23397574277e-10
437.418619792,1.25,8.03708311443,0.86187007734,0.00132515922575,7.8441371566e-05,1.06368890266e-05,-9.25303388522e-07,2.96002493602e-10
447.591145833,1.25,8.22726291341,0.862874078117,0.0012623119159,7.94396443938e-05,1.08715941138e-05,-9.47198647028e-07,3.12761084734e-10
457.763671875,1.25,8.41810476759,0.863856980818,0.00119397141712,8.04249990821e-05,1.11060248888e-05,-9.69170127456e-07,2.80689241972e-10
467.936197917,1.25,8.60962346679,0.864819793665,0.00112003370125,8.1397641798e-05,1.13401862235e-05,-9.91219532546e-07,2.76837565299e-10
478.108723958,1.25,8.8018332767,0.86576346253,0.00104039451398,8.23576907701e-05,1.1574082673e-05,-1.0133485047e-06,2.69481973968e-10
488.28125,1.25,8.99474795703,0.86668887542,0.000954953226161,8.33052433026e-05,1.18077185037e-05,-1.03555862805e-06,1.88962111348e-10
498.453776042,1.25,9.18838077905,0.867596867288,0.00086361134435,8.42403856517e-05,1.204109771e-05,-1.05785143053e-06,2.42072409269e-10
50.8626302083,0.625,1.04469400227,0.769998299108,0.000274373711053,-1.62386106396e-05,1.38442111429e-06,-1.20274841818e-07,1.65339193934e-08
61.03515625,0.625,1.23551659881,0.777645813011,0.000318498957475,-1.45229052326e-05,1.64496775075e-06,-1.42244105128e-07,8.27273981742e-09
71.2076822917,0.625,1.42429108506,0.784134998383,0.000361118409095,-1.30657116226e-05,1.90324710367e-06,-1.63977571028e-07,7.74085643445e-09
81.3802083333,0.625,1.61143237667,0.78977276977,0.000402749638217,-1.17887171239e-05,2.15961237269e-06,-1.85523008445e-07,5.9640855193e-09
91.552734375,0.625,1.79724913012,0.794757834029,0.000443452260381,-1.06370366014e-05,2.41432464545e-06,-2.06915952771e-07,4.67087872782e-09
101.725260417,0.625,1.98198089964,0.79922631429,0.000483061158509,-9.58150963171e-06,2.66758459824e-06,-2.28183983705e-07,4.20439658596e-09
111.897786458,0.625,2.16581996267,0.803275598606,0.000521453052751,-8.60826988269e-06,2.91955113691e-06,-2.49349238008e-07,3.36554740255e-09
122.0703125,0.625,2.34892478138,0.806977808321,0.000558635378921,-7.70774141745e-06,3.17035306477e-06,-2.70429959309e-07,2.57860288836e-09
132.242838542,0.625,2.53142874646,0.810387862115,0.000594714666417,-6.8713186584e-06,3.42009681787e-06,-2.91441504778e-07,2.02644135807e-09
142.415364583,0.625,2.71344607005,0.813548569874,0.000629818381437,-6.09006083718e-06,3.66887170557e-06,-3.12397023577e-07,2.436582038e-09
152.587890625,0.625,2.89507594835,0.816493954878,0.000664048712213,-5.35512377842e-06,3.91675368894e-06,-3.33307936088e-07,1.76415738123e-09
162.760416667,0.625,3.07640557686,0.819251512756,0.000697456029747,-4.65869442867e-06,4.16380810691e-06,-3.54184281064e-07,1.80305424026e-09
172.932942708,0.625,3.25751242759,0.821843788278,0.000730039654576,-3.99448832744e-06,4.41009170205e-06,-3.75034977801e-07,1.26040058038e-09
183.10546875,0.625,3.43846596933,0.824289499272,0.000761760583518,-3.35760443004e-06,4.65565417867e-06,-3.95868024188e-07,1.33242300039e-09
193.277994792,0.625,3.61932901224,0.826604359649,0.000792562283394,-2.74453938764e-06,4.90053939964e-06,-4.16690651512e-07,1.09247609802e-09
203.450520833,0.625,3.80015877549,0.828801693767,0.000822381134521,-2.15279677085e-06,5.1447863163e-06,-4.37509447372e-07,8.36854957774e-10
213.623046875,0.625,3.98100770265,0.830892898026,0.000851160469847,-1.58071738632e-06,5.3884297294e-06,-4.58330449561e-07,7.94874149323e-10
223.795572917,0.625,4.16192415071,0.832887799303,0.000878857094385,-1.02695423221e-06,5.63150087953e-06,-4.7915922538e-07,7.65508973386e-10
233.968098958,0.625,4.34295293155,0.834794930693,0.000905439152048,-4.90620189364e-07,5.87402794948e-06,-5.00000933988e-07,8.53743480317e-10
244.140625,0.625,4.52413575393,0.836621752044,0.000930892377211,2.92801342061e-08,6.11603645629e-06,-5.20860377284e-07,9.32607312021e-10
254.313151042,0.625,4.70551159068,0.838374821807,0.0009552101443,5.33506141487e-07,6.35754960387e-06,-5.4174204218e-07,6.68991286561e-10
264.485677083,0.625,4.88711699223,0.840059939342,0.00097839554949,1.02301790683e-06,6.59858854984e-06,-5.62650136701e-07,7.60353966402e-10
274.658203125,0.625,5.06898634118,0.841682258176,0.00100045441157,1.49868944077e-06,6.83917264699e-06,-5.8358861929e-07,7.40681891145e-10
284.830729167,0.625,5.25115207102,0.843246378755,0.00102139277463,1.9614090162e-06,7.07931964919e-06,-6.04561223988e-07,7.36148456938e-10
295.003255208,0.625,5.433644854,0.844756425511,0.00104121629123,2.4120844726e-06,7.31904588371e-06,-6.25571482072e-07,6.21902798411e-10
305.17578125,0.625,5.61649376656,0.84621611127,0.00105992580191,2.8516650834e-06,7.55836639642e-06,-6.46622741089e-07,6.55000228997e-10
315.348307292,0.625,5.79972642824,0.847628790856,0.00107751769919,3.28096806423e-06,7.7972950795e-06,-6.67718180855e-07,4.58469927027e-10
325.520833333,0.625,5.98336912378,0.848997505088,0.00109398299371,3.70078632328e-06,8.03584479335e-06,-6.88860827515e-07,5.39871478703e-10
335.693359375,0.625,6.16744690992,0.850325020318,0.00110930757642,4.11185996929e-06,8.2740274523e-06,-7.10053565831e-07,5.02443453157e-10
345.865885417,0.625,6.35198371471,0.851613860022,0.00112347280959,4.51485854047e-06,8.51185411889e-06,-7.31299150622e-07,4.61635328425e-10
356.038411458,0.625,6.53700241432,0.852866333309,0.00113645366952,4.91033507166e-06,8.74933507322e-06,-7.52600215604e-07,4.14081986542e-10
366.2109375,0.625,6.72252491544,0.854084558279,0.00114822471117,5.2988028667e-06,8.98647988543e-06,-7.73959282879e-07,3.90643921982e-10
376.383463542,0.625,6.90857221567,0.855270483285,0.00115875428691,5.68068152174e-06,9.22329746934e-06,-7.95378769884e-07,3.86414670038e-10
386.555989583,0.625,7.09516446532,0.856425904425,0.00116801089424,6.0563390204e-06,9.45979613984e-06,-8.16860996509e-07,3.40460643379e-10
396.728515625,0.625,7.28232101661,0.85755248127,0.0011759616693,6.42605194012e-06,9.69598365931e-06,-8.38408190762e-07,3.67034283144e-10
406.901041667,0.625,7.47006047656,0.858651750874,0.0011825725218,6.79008029514e-06,9.93186727606e-06,-8.60022494854e-07,3.34436969327e-10
417.073567708,0.625,7.65840074322,0.859725139365,0.00118781008228,7.14861518181e-06,1.01674537668e-05,-8.81705969376e-07,2.84604937187e-10
427.24609375,0.625,7.84735904886,0.860773972589,0.00119164129385,7.50179336295e-06,1.04027494702e-05,-9.03460598264e-07,3.39351522366e-10
437.418619792,0.625,8.03695198923,0.861799485737,0.00119403402796,7.84976890988e-06,1.0637760314e-05,-9.25288292175e-07,2.3704101589e-10
447.591145833,0.625,8.22719555917,0.862802831067,0.00119495767331,8.19259401363e-06,1.08724918497e-05,-9.47190892584e-07,2.76304147828e-10
457.763671875,0.625,8.41810517922,0.86378508619,0.00119438304171,8.5303709102e-06,1.11069492663e-05,-9.69170174846e-07,2.92831151708e-10
467.936197917,0.625,8.60969571564,0.864747259189,0.00119228255628,8.86316601845e-06,1.13411374315e-05,-9.91227850503e-07,2.8285824043e-10
478.108723958,0.625,8.80198151171,0.86569029586,0.00118862952149,9.19102079522e-06,1.15750608948e-05,-1.01336557088e-06,2.6517067676e-10
488.28125,0.625,8.99497640344,0.866615084143,0.00118339963032,9.51396656823e-06,1.18087239173e-05,-1.03558492892e-06,1.94279665912e-10
498.453776042,0.625,9.18869373728,0.867522458958,0.00117656957504,9.83205635718e-06,1.20421304878e-05,-1.05788746118e-06,1.86679101172e-10
