frequency_hz,azimuth_deg,attenuation_db_per_mm,beta_rad_per_m,phase_velocity_fraction_c,amplitude_residual_rms,phase_residual_rms_rad,complex_residual_rms,bannister_attenuation_db_per_mm,bannister_phase_velocity_fraction_c
50.8626302083,0,1.01411052776,1.38359842532e-06,0.770456140845,0.00268003357998,0.00202743580448,0.00335870216353,1.04971343976,0.780880649359
61.03515625,0,1.2035103884,1.64292455165e-06,0.778612920854,0.00107780025111,0.0023138513714,0.0025529774756,1.24068118385,0.788802592412
71.2076822917,0,1.38788855907,1.89996171959e-06,0.785490912352,0.00213083362766,0.0012091887926,0.00245075645184,1.42930087024,0.795531989764
81.3802083333,0,1.56851648398,2.15513882467e-06,0.791412147416,0.000738879621387,0.00232895303996,0.00244308281011,1.6159621862,0.801385337164
91.552734375,0,1.74293645701,2.40929654129e-06,0.796416461392,0.00129504947006,0.0016784919079,0.00211983261367,1.80094920858,0.806567416068
101.725260417,0,1.91929189751,2.66264425788e-06,0.800709219866,0.000707444562433,0.001005308959,0.00122918079009,1.98447766524,0.811218439767
111.897786458,0,2.09810687945,2.91483609887e-06,0.804574976984,0.000967164709534,0.000794897905738,0.00125208177747,2.16671660863,0.815438670079
122.0703125,0,2.2753911773,3.16536051297e-06,0.808250610739,0.000672724656786,0.00168670696345,0.00181608619394,2.34780185858,0.819302308791
132.242838542,0,2.44377105654,3.4155320218e-06,0.81147093067,0.000335289466025,0.00125953109643,0.00130348791919,2.52784477021,0.822865826849
142.415364583,0,2.6178282139,3.66577818035e-06,0.814235117966,0.000782412259367,0.00127618704097,0.00149692282359,2.70693818925,0.826173208048
152.587890625,0,2.79694256784,3.91491710659e-06,0.81687699195,0.000931645365845,0.00108193693071,0.00142771461357,2.88516063429,0.829259385378
162.760416667,0,2.97453532724,4.1628129621e-06,0.819447359627,0.000910263273532,0.00126510375663,0.00155890434359,3.06257931757,0.832152569967
172.932942708,0,3.14531857006,4.41044134194e-06,0.82177863621,0.000736271997687,0.00300135598535,0.00309062863522,3.23925237921,0.834875875287
183.10546875,0,3.32026857972,4.6583609558e-06,0.823810539399,0.00215456297189,0.00234714844676,0.00318568601172,3.41523057435,0.837448478134
193.277994792,0,3.50097164309,4.90554313758e-06,0.825761209057,0.00152010270575,0.00192877501725,0.00245588716338,3.59055856996,0.839886466501
203.450520833,0,3.68293861538,5.15179702054e-06,0.827673838084,0.00187149270476,0.00307863011597,0.00360387840203,3.7652759576,0.842203470552
213.623046875,0,3.86077758854,5.39728966675e-06,0.829528943249,0.00063746620877,0.00481109175425,0.00485326919662,3.93941805539,0.844411140122
223.795572917,0,4.03364355293,5.6430526492e-06,0.831182812903,0.00286385962415,0.00422985413798,0.00510939951255,4.1130165511,0.846519511465
233.968098958,0,4.21384117587,5.88951880895e-06,0.832599218042,0.000802988601567,0.00367692820682,0.00376256632939,4.28610002351,0.848537292766
244.140625,0,4.40673063378,6.13467645828e-06,0.834079705821,0.00142511258705,0.00395654249108,0.00420549377282,4.45869436957,0.85047208909
254.313151042,0,4.58934172616,6.37795680941e-06,0.835692318959,0.00184688865725,0.00730155416393,0.00753674305595,4.63082315738,0.852330581578
264.485677083,0,4.75609398774,6.6224610299e-06,0.837031712515,0.00267732594154,0.00747172153094,0.00793637283994,4.80250792058,0.854118671629
274.658203125,0,4.93889781282,6.86914644797e-06,0.838009543279,0.00274684818324,0.00494027250825,0.0056542697619,4.97376840545,0.855841597977
284.830729167,0,5.14680644834,7.1133483881e-06,0.83921246824,0.00145748754237,0.00596669059403,0.0061472124667,5.14462278011,0.857504032558
295.003255208,0,5.33086857362,7.35450618732e-06,0.840683368998,0.002920050094,0.00966175317919,0.0100901591676,5.31508781254,0.859110159626
305.17578125,0,5.49086764372,7.59849493301e-06,0.841747145444,0.00325769175661,0.0138450292694,0.0142271570285,5.48517902309,0.860663741506
315.348307292,0,5.67481336986,7.84552432878e-06,0.842418112954,0.00984816280777,0.00808486919824,0.0127411862832,5.65491081585,0.862168173618
325.520833333,0,5.89273060007,8.09022572035e-06,0.843290708647,0.00141810300521,0.00640265666235,0.00656031965801,5.82429659239,0.863626530797
335.693359375,0,6.09486871416,8.33014164598e-06,0.844596990122,0.00992201193097,0.0159245845831,0.0187671216239,5.99334885069,0.865041606521
345.865885417,0,6.24843452233,8.57157213738e-06,0.845680678638,0.009767622214,0.0246550789454,0.0265266871236,6.16207927169,0.866415946307
356.038411458,0,6.40674131248,8.81980976035e-06,0.846051505139,0.0175131593938,0.00863533347204,0.0195096202189,6.3304987951,0.867751876285
366.2109375,0,6.64436279115,9.06971527234e-06,0.846246378522,0.00719631083036,0.00835073488187,0.0110559456655,6.49861768636,0.869051527772
376.383463542,0,6.91492198614,9.30656215509e-06,0.847618481737,0.0141345155608,0.0228299167849,0.0268603032616,6.66644559576,0.870316858486
386.555989583,0,7.02765741683,9.53941162415e-06,0.849278213787,0.0133073113435,0.0353084402554,0.0377627433065,6.83399161096,0.871549670954
396.728515625,0,7.10774946014,9.79456651773e-06,0.848921167704,0.0272059795518,0.0175916670555,0.0324133959525,7.00126430373,0.872751628529
406.901041667,0,7.41285765232,1.00566987784e-05,0.847993503033,0.00872140177935,0.0114402193018,0.0143984928283,7.16827177176,0.873924269402
417.073567708,0,7.83356650664,1.02845553614e-05,0.849936171229,0.0371350525733,0.0156146577017,0.0403535437272,7.33502167606,0.875069018877
427.24609375,0,7.82545434476,1.05003398058e-05,0.852773924747,0.0140335248385,0.0713637127559,0.0726613930687,7.5015212746,0.876187200189
437.418619792,0,7.78221710201,1.07692515558e-05,0.851277019625,0.0617783945259,0.0490731875849,0.0791614292122,7.66777745263,0.877280044044
447.591145833,0,8.14165710739,1.10495353141e-05,0.848978394296,0.0674452059712,0.0536851257303,0.0851241382608,7.83379675002,0.878348697075
457.763671875,0,8.89226188085,1.12845802766e-05,0.850188212071,0.127885790022,0.0735149893918,0.151153303722,7.99958538611,0.879394229348
467.936197917,0,8.71461364011,1.14450789738e-05,0.856893825929,0.0500812115264,0.196764613825,0.20394352726,8.16514928212,0.880417641049
478.108723958,0,8.43233750859,1.17300632879e-05,0.85425096563,0.17991288051,0.109999413243,0.210868902476,8.33049408167,0.881419868455
488.28125,0,8.55747580608,1.20391249586e-05,0.850030073319,0.151250138081,0.151814246195,0.214596296232,8.49562516943,0.88240178928
498.453776042,0,9.54316958786,1.24057828712e-05,0.842092656331,0.147131077947,0.334946563253,0.371521668849,8.66054768812,0.883364227476
50.8626302083,30,1.01442027924,1.38358115443e-06,0.770465758256,0.00260630440509,0.00193938520418,0.00324695036135,1.04971343976,0.780880649359
61.03515625,30,1.20399229845,1.64292923388e-06,0.778610701865,0.000994828801905,0.00228336520053,0.0024908331428,1.24068118385,0.788802592412
71.2076822917,30,1.38868427807,1.89994498897e-06,0.785497829265,0.0021331712853,0.000942397171107,0.00233329491053,1.42930087024,0.795531989764
81.3802083333,30,1.56927392832,2.15511288195e-06,0.791421674239,0.000553645335578,0.00204055857035,0.00211418800268,1.6159621862,0.801385337164
91.552734375,30,1.74375036327,2.40928984514e-06,0.796418674877,0.00118492136707,0.00145338708832,0.00187494647283,1.80094920858,0.806567416068
101.725260417,30,1.92042987833,2.66267049844e-06,0.800701328896,0.0014812330262,0.00106170784274,0.00182190812414,1.98447766524,0.811218439767
111.897786458,30,2.09974110446,2.91484633402e-06,0.80457215181,0.000870976767278,0.000370744943972,0.000946803606545,2.16671660863,0.815438670079
122.0703125,30,2.27697898337,3.16535770712e-06,0.80825132719,0.000686616486989,0.00105640084835,0.0012597512141,2.34780185858,0.819302308791
132.242838542,30,2.44549424382,3.41556226735e-06,0.811463744918,0.0017402179817,0.000480399094833,0.0018047194375,2.52784477021,0.822865826849
142.415364583,30,2.61966115613,3.66582684423e-06,0.814224308989,0.00173367713594,0.000371312496667,0.00177279036718,2.70693818925,0.826173208048
152.587890625,30,2.7988582559,3.91503984856e-06,0.816851381714,0.00177025556895,0.00080126075093,0.00194328034809,2.88516063429,0.829259385378
162.760416667,30,2.97724976222,4.16300844668e-06,0.819408880405,0.00155960657777,0.00100596378029,0.00185597035353,3.06257931757,0.832152569967
172.932942708,30,3.14870801315,4.41062347687e-06,0.82174470119,0.00204098274059,0.000574901269925,0.00212008704743,3.23925237921,0.834875875287
183.10546875,30,3.32361550109,4.65856643438e-06,0.823774203025,0.00340604305695,0.000926082466377,0.00353070421172,3.41523057435,0.837448478134
193.277994792,30,3.50459694927,4.90583589768e-06,0.825711931027,0.00226896055167,0.00319125195145,0.00391682590313,3.59055856996,0.839886466501
203.450520833,30,3.68697836537,5.15217743055e-06,0.827612726948,0.00316863601465,0.00188049993579,0.00368688330853,3.7652759576,0.842203470552
213.623046875,30,3.86562922899,5.39780073014e-06,0.829450403508,0.00275009254888,0.00135943022208,0.00306607650315,3.93941805539,0.844411140122
223.795572917,30,4.03994950463,5.64362466303e-06,0.831098567743,0.00406150112864,0.00190405727358,0.00448895070061,4.1130165511,0.846519511465
233.968098958,30,4.22095200549,5.89008173296e-06,0.832519645276,0.0042370660672,0.0043373559406,0.00606430801016,4.28610002351,0.848537292766
244.140625,30,4.41415623331,6.1352995956e-06,0.833994991752,0.003631118472,0.00342456528846,0.00499091674591,4.45869436957,0.85047208909
254.313151042,30,4.5975293784,6.3786829506e-06,0.835597184804,0.0029180200212,0.00132742910485,0.00320566923088,4.63082315738,0.852330581578
264.485677083,30,4.76518570304,6.62325962816e-06,0.836930787577,0.00616438962559,0.00245934702896,0.00663216663095,4.80250792058,0.854118671629
274.658203125,30,4.94864917909,6.87003393822e-06,0.837901286856,0.0058276564107,0.0056388069617,0.00810982480564,4.97376840545,0.855841597977
284.830729167,30,5.15750484346,7.11436310719e-06,0.839092771663,0.00333451565943,0.00677578471208,0.0075560249365,5.14462278011,0.857504032558
295.003255208,30,5.34266899338,7.3556145115e-06,0.840556697093,0.00613242168024,0.00387288732987,0.00726360001721,5.31508781254,0.859110159626
305.17578125,30,5.50342807971,7.59974453996e-06,0.84160873907,0.00685655416278,0.00253368262292,0.00730536813998,5.48517902309,0.860663741506
315.348307292,30,5.68914150197,7.84697781615e-06,0.842262072741,0.0107519635549,0.00760499393706,0.0131914549409,5.65491081585,0.862168173618
325.520833333,30,5.90955799149,8.09173880606e-06,0.843133020522,0.0059744449226,0.0164005768718,0.0174777251411,5.82429659239,0.863626530797
335.693359375,30,6.11310525601,8.33162923804e-06,0.844446189391,0.0130406387139,0.00238903813504,0.0133328765842,5.99334885069,0.865041606521
345.865885417,30,6.26752694304,8.57313031469e-06,0.845526975102,0.0107799651347,0.0075739793513,0.013185221307,6.16207927169,0.866415946307
356.038411458,30,6.42728459107,8.82143985577e-06,0.845895165051,0.0177651151082,0.0155723964714,0.0236715572707,6.3304987951,0.867751876285
366.2109375,30,6.66581479377,9.07143314077e-06,0.846086123806,0.0132119366799,0.0246847329752,0.0280902613864,6.49861768636,0.869051527772
376.383463542,30,6.93887785036,9.30840599045e-06,0.847450583073,0.0178552405622,0.00773746518962,0.0195829265778,6.66644559576,0.870316858486
386.555989583,30,7.05356805581,9.54098138025e-06,0.849138483962,0.0122268154382,0.0105318329822,0.0161617878972,6.83399161096,0.871549670954
396.728515625,30,7.13024315558,9.7959694359e-06,0.848799590464,0.0299926403859,0.0146783182276,0.0334657092213,7.00126430373,0.872751628529
406.901041667,30,7.43199113533,1.00588035999e-05,0.847816058976,0.0131867773149,0.0419817845488,0.0440263572959,7.16827177176,0.873924269402
417.073567708,30,7.86161097222,1.02874073378e-05,0.849700543555,0.0380042892622,0.0222052945097,0.0440539840485,7.33502167606,0.875069018877
427.24609375,30,7.856060147,1.05018737477e-05,0.852649365482,0.0222619955513,0.0371350557995,0.043381266541,7.5015212746,0.876187200189
437.418619792,30,7.79999274835,1.07709145545e-05,0.851145584865,0.0612065689883,0.0239857528347,0.0661117943526,7.66777745263,0.877280044044
447.591145833,30,8.15380411196,1.10529989325e-05,0.848712354529,0.0672107612255,0.088502951433,0.110966606264,7.83379675002,0.878348697075
457.763671875,30,8.92203383523,1.12916924453e-05,0.849652713776,0.130423066919,0.120500821292,0.182079722962,7.99958538611,0.879394229348
467.936197917,30,8.76685992386,1.14456807629e-05,0.85684877231,0.0662973567028,0.159530768107,0.17519586553,8.16514928212,0.880417641049
478.108723958,30,8.45313316853,1.17316380701e-05,0.854136296286,0.176311448289,0.0753161315514,0.192480195478,8.33049408167,0.881419868455
488.28125,30,8.56278888067,1.20412699877e-05,0.849878649155,0.159545995326,0.194559737009,0.253649959519,8.49562516943,0.88240178928
498.453776042,30,9.46094402248,1.24114376667e-05,0.841708989113,0.128763163636,0.394765572961,0.41967179389,8.66054768812,0.883364227476
50.8626302083,60,1.01519114941,1.38362081844e-06,0.77044367145,0.00258464069821,0.00206937381552,0.00330973947067,1.04971343976,0.780880649359
61.03515625,60,1.20539567081,1.64296544015e-06,0.778593543507,0.000896705248033,0.00222284840831,0.00239733790691,1.24068118385,0.788802592412
71.2076822917,60,1.39070824835,1.89993144729e-06,0.785503427867,0.00244949243555,0.00115574010852,0.00270956876322,1.42930087024,0.795531989764
81.3802083333,60,1.57163294432,2.15505718216e-06,0.791442129392,0.000530253964957,0.00227007082756,0.00233095999046,1.6159621862,0.801385337164
91.552734375,60,1.74675891432,2.4091995829e-06,0.796448513224,0.00108109311108,0.00145691741954,0.00181408162161,1.80094920858,0.806567416068
101.725260417,60,1.92402181062,2.6624991192e-06,0.800752868288,0.00128485426733,0.00107828870536,0.00167731883217,1.98447766524,0.811218439767
111.897786458,60,2.10375480971,2.91461165273e-06,0.804636935066,0.00135670411163,0.000542708080266,0.00146110835174,2.16671660863,0.815438670079
122.0703125,60,2.28167032721,3.16504371966e-06,0.808331509585,0.0011391498267,0.00117156910892,0.00163408247784,2.34780185858,0.819302308791
132.242838542,60,2.45059420764,3.41514533138e-06,0.811562811983,0.00134846892573,0.000669740436173,0.00150576790073,2.52784477021,0.822865826849
142.415364583,60,2.62523273932,3.6653495268e-06,0.814330340747,0.0012800741092,0.000416192097742,0.0013462795402,2.70693818925,0.826173208048
152.587890625,60,2.80538548537,3.91447170502e-06,0.816969938923,0.0014976401677,0.00061366193682,0.00161891296844,2.88516063429,0.829259385378
162.760416667,60,2.98454862792,4.16231613857e-06,0.81954517073,0.00259151046328,0.000563261061361,0.00265313106031,3.06257931757,0.832152569967
172.932942708,60,3.15703077025,4.40981382929e-06,0.821895574592,0.00262811147536,0.00144315519579,0.00300019669714,3.23925237921,0.834875875287
183.10546875,60,3.3331195608,4.65757701008e-06,0.82394920007,0.00205907320386,0.00123290239972,0.00239930793653,3.41523057435,0.837448478134
193.277994792,60,3.51508983269,4.90463472219e-06,0.825914153004,0.00234902816558,0.0020671754479,0.00312945351895,3.59055856996,0.839886466501
203.450520833,60,3.69833943597,5.15072727506e-06,0.827845736206,0.00445576120548,0.000725297817981,0.00451877487435,3.7652759576,0.842203470552
213.623046875,60,3.87742465408,5.396078654e-06,0.829715109943,0.003483982268,0.00268207091582,0.00440025552536,3.93941805539,0.844411140122
223.795572917,60,4.05172673588,5.64166759739e-06,0.831386871586,0.00220931980364,0.000603122332172,0.00229230005997,4.1130165511,0.846519511465
233.968098958,60,4.23307833083,5.88796870907e-06,0.832818412811,0.00411853710419,0.0025460403904,0.00484380438018,4.28610002351,0.848537292766
244.140625,60,4.42754480181,6.13298320114e-06,0.834309987133,0.00541290815212,0.00274971751421,0.00607443971363,4.45869436957,0.85047208909
254.313151042,60,4.61189103263,6.37605951436e-06,0.835940992124,0.00436019222997,0.00142035871213,0.00458792862289,4.63082315738,0.852330581578
264.485677083,60,4.77981569937,6.62037013015e-06,0.837296070756,0.00499924045831,0.00101840689699,0.00509945045594,4.80250792058,0.854118671629
274.658203125,60,4.9642328854,6.8669738026e-06,0.838274681549,0.00410527875367,0.00482342585687,0.00632817558339,4.97376840545,0.855841597977
284.830729167,60,5.17535434267,7.1110626098e-06,0.839482224499,0.00592194820712,0.00463267734548,0.00751509325981,5.14462278011,0.857504032558
295.003255208,60,5.36290533971,7.35191272794e-06,0.840979928309,0.00908020321639,0.00193591465873,0.0092976619045,5.31508781254,0.859110159626
305.17578125,60,5.52530341341,7.59557457541e-06,0.842070781615,0.00509821368385,0.00647340851612,0.00825188417038,5.48517902309,0.860663741506
315.348307292,60,5.71243424068,7.84235854182e-06,0.842758178542,0.00649518982719,0.00516796618691,0.00830208217092,5.65491081585,0.862168173618
325.520833333,60,5.93473204822,8.08666179253e-06,0.843662361042,0.00883061405805,0.0126033152728,0.0153811086265,5.82429659239,0.863626530797
335.693359375,60,6.14046704922,8.32594347536e-06,0.845022859248,0.0175948547564,0.0052297369289,0.0183942789197,5.99334885069,0.865041606521
345.865885417,60,6.29517550971,8.56677877512e-06,0.846153861611,0.00676123595348,0.0128847613258,0.0145519555644,6.16207927169,0.866415946307
356.038411458,60,6.45521602399,8.81471485026e-06,0.84654052338,0.0120925679331,0.0118856045104,0.0169502129068,6.3304987951,0.867751876285
366.2109375,60,6.69816531091,9.06428581895e-06,0.846753275078,0.0160715316831,0.0209513102339,0.0264310115,6.49861768636,0.869051527772
376.383463542,60,6.97499651238,9.30008352047e-06,0.848208950675,0.0261032257691,0.0115928039667,0.0285969870314,6.66644559576,0.870316858486
386.555989583,60,7.08502295087,9.53178570599e-06,0.849957679981,0.00806617147352,0.0154332644821,0.0173998501563,6.83399161096,0.871549670954
396.728515625,60,7.16267273373,9.78691988982e-06,0.849584439129,0.020380396697,0.0101309189985,0.0226534124859,7.00126430373,0.872751628529
406.901041667,60,7.47662076827,1.0049175187e-05,0.848628376696,0.0105627903773,0.0395908253039,0.0408615085898,7.16827177176,0.873924269402
417.073567708,60,7.91154697206,1.02749297082e-05,0.850732399631,0.0537167862343,0.0148861764321,0.0554206660546,7.33502167606,0.875069018877
427.24609375,60,7.88494044494,1.04887693867e-05,0.853714640605,0.0270477149894,0.046596616952,0.0540307885013,7.5015212746,0.876187200189
437.418619792,60,7.83525663,1.0759009827e-05,0.852087368208,0.0503840730379,0.0326321771598,0.0597653422565,7.66777745263,0.877280044044
447.591145833,60,8.20914960651,1.10405635493e-05,0.849668289731,0.0535571569832,0.0876663300836,0.102203832026,7.83379675002,0.878348697075
457.763671875,60,9.01952286951,1.12731828705e-05,0.851047768805,0.162515192208,0.101075979879,0.195671134749,7.99958538611,0.879394229348
467.936197917,60,8.7587076398,1.14272296395e-05,0.858232294205,0.0604031403328,0.180110338419,0.191616328227,8.16514928212,0.880417641049
478.108723958,60,8.47303923455,1.17167385243e-05,0.855222455446,0.173818447383,0.0751687081859,0.187927262662,8.33049408167,0.881419868455
488.28125,60,8.60577479415,1.20292474451e-05,0.850728054102,0.135167021243,0.19609454606,0.23859189816,8.49562516943,0.88240178928
498.453776042,60,9.63074802633,1.2409567115e-05,0.841835863818,0.170339150497,0.414922559868,0.452616362665,8.66054768812,0.883364227476
50.8626302083,90,1.01502931343,1.38364559948e-06,0.770429872834,0.00257648066834,0.00202416875551,0.00327462435968,1.04971343976,0.780880649359
61.03515625,90,1.20482098447,1.64299087021e-06,0.778581492508,0.0012643005611,0.00227459644315,0.00260301138435,1.24068118385,0.788802592412
71.2076822917,90,1.38958088102,1.90004174122e-06,0.785457830838,0.00217253015674,0.00115015527466,0.00245901344165,1.42930087024,0.795531989764
81.3802083333,90,1.57068207629,2.15526146355e-06,0.79136711441,0.00111271677681,0.00227444723214,0.00253193655559,1.6159621862,0.801385337164
91.552734375,90,1.74596585713,2.40944941386e-06,0.796365931081,0.0011366446623,0.00150341593493,0.00188492931447,1.80094920858,0.806567416068
101.725260417,90,1.92308290823,2.66279473888e-06,0.800663969842,0.00049631638733,0.000906125958709,0.00103310003973,1.98447766524,0.811218439767
111.897786458,90,2.10251654623,2.91499973997e-06,0.804529810073,0.0018289634611,0.000568374609422,0.00191657131737,2.16671660863,0.815438670079
122.0703125,90,2.28050585221,3.16554735282e-06,0.808202905426,0.00134457710645,0.00133645700883,0.00189692833134,2.34780185858,0.819302308791
132.242838542,90,2.44956531609,3.41574273368e-06,0.811420872284,0.0013457943634,0.000836182182347,0.00158450264498,2.52784477021,0.822865826849
142.415364583,90,2.62421656627,3.66602989955e-06,0.814179210452,0.00166636538513,0.000723015799579,0.00181757153139,2.70693818925,0.826173208048
152.587890625,90,2.80394488296,3.91524618768e-06,0.816808332469,0.00177369425008,0.000476881371586,0.00183839840745,2.88516063429,0.829259385378
162.760416667,90,2.98255107008,4.16325122016e-06,0.81936109786,0.00273467982808,0.000561143633448,0.00279364317231,3.06257931757,0.832152569967
172.932942708,90,3.15465971298,4.41094405433e-06,0.821684978641,0.00272208700729,0.00206793906613,0.003419785599,3.23925237921,0.834875875287
183.10546875,90,3.33032671906,4.65891983862e-06,0.8237117153,0.00209708297856,0.00121688967094,0.00242457190246,3.41523057435,0.837448478134
193.277994792,90,3.51169521609,4.90626812222e-06,0.82563918878,0.00280674681981,0.00133293702665,0.00311031092606,3.59055856996,0.839886466501
203.450520833,90,3.69526357234,5.15273462358e-06,0.827523232714,0.00442617116629,0.000931507433035,0.00452443519864,3.7652759576,0.842203470552
213.623046875,90,3.87536676445,5.39838019624e-06,0.829361369691,0.00317562775717,0.0029917906136,0.00436493313218,3.93941805539,0.844411140122
223.795572917,90,4.05026870149,5.64423671408e-06,0.831008444884,0.00372572356631,0.00131557563422,0.00395530619813,4.1130165511,0.846519511465
233.968098958,90,4.23229547534,5.89082959555e-06,0.83241395383,0.00314548910472,0.00124243269788,0.00338172143847,4.28610002351,0.848537292766
244.140625,90,4.42741967864,6.13611270167e-06,0.833884477747,0.00515017888699,0.00158644103904,0.00539421606484,4.45869436957,0.85047208909
254.313151042,90,4.6120744207,6.37946321908e-06,0.835494983392,0.00530868258716,0.00308373844984,0.00615233508794,4.63082315738,0.852330581578
264.485677083,90,4.78016498685,6.62407089557e-06,0.83682828646,0.00328282955394,0.00224723852483,0.00397629478209,4.80250792058,0.854118671629
274.658203125,90,4.96440302542,6.87096624186e-06,0.837787594197,0.00462443842097,0.00208778388938,0.00507514428618,4.97376840545,0.855841597977
284.830729167,90,5.17449097848,7.11540368069e-06,0.838970060747,0.00630938649343,0.00184626892214,0.00659407236858,5.14462278011,0.857504032558
295.003255208,90,5.36093927357,7.35675682595e-06,0.840426180334,0.008012277645,0.00173042993712,0.00820204115064,5.31508781254,0.859110159626
305.17578125,90,5.52295420906,7.60095390447e-06,0.84147483328,0.00558341740943,0.00696593043984,0.00892520972926,5.48517902309,0.860663741506
315.348307292,90,5.7090681921,7.84829081754e-06,0.842121164192,0.00811653260597,0.00192234260733,0.00832773784695,5.65491081585,0.862168173618
325.520833333,90,5.93049827088,8.09334727982e-06,0.842965456065,0.00927268634365,0.010222704119,0.0138127391048,5.82429659239,0.863626530797
335.693359375,90,6.13733046666,8.33339996244e-06,0.844266757049,0.0180647175987,0.0057466340755,0.0189824816235,5.99334885069,0.865041606521
345.865885417,90,6.29275356001,8.57478182938e-06,0.845364125452,0.00818146998874,0.0150157746962,0.0170768810918,6.16207927169,0.866415946307
356.038411458,90,6.45070659617,8.82340732657e-06,0.845706544717,0.0137590136869,0.00738049540239,0.0155676868428,6.3304987951,0.867751876285
366.2109375,90,6.69279726243,9.07416445944e-06,0.845831452332,0.0162925234315,0.0159543334274,0.0228175488746,6.49861768636,0.869051527772
376.383463542,90,6.97481521868,9.31102477576e-06,0.847212232173,0.0268157627939,0.0128870990751,0.0298346570123,6.66644559576,0.870316858486
386.555989583,90,7.0872518413,9.5429059689e-06,0.848967231904,0.0154298771004,0.0223000176807,0.0271597234221,6.83399161096,0.871549670954
396.728515625,90,7.15914724835,9.79866434023e-06,0.848566147046,0.0191857350715,0.00335002246154,0.0195252308828,7.00126430373,0.872751628529
406.901041667,90,7.46786214967,1.00626310847e-05,0.847493578396,0.0111011254484,0.031210139614,0.0332235681552,7.16827177176,0.873924269402
417.073567708,90,7.91330740593,1.02907086589e-05,0.849427954522,0.0558744788891,0.010560040982,0.0572265786085,7.33502167606,0.875069018877
427.24609375,90,7.89766236086,1.05036243974e-05,0.852507253546,0.0248281761357,0.0568346838745,0.0621129861711,7.5015212746,0.876187200189
437.418619792,90,7.83353393873,1.07740174555e-05,0.850900456202,0.0540328764939,0.0404199812102,0.0672994716333,7.66777745263,0.877280044044
447.591145833,90,8.18892976542,1.10575698001e-05,0.84836152231,0.0672483106494,0.0763627589812,0.100635825931,7.83379675002,0.878348697075
457.763671875,90,8.99631759427,1.12991434586e-05,0.84909242585,0.152755321829,0.109617520693,0.191885761284,7.99958538611,0.879394229348
467.936197917,90,8.81596745534,1.14452848623e-05,0.85687841132,0.0728998554789,0.196309703537,0.210839494933,8.16514928212,0.880417641049
478.108723958,90,8.48263829097,1.17337837723e-05,0.853980104378,0.180218154033,0.0971402819739,0.202954630572,8.33049408167,0.881419868455
488.28125,90,8.56908833394,1.20473385483e-05,0.849450542975,0.150377679825,0.177321418953,0.233171857529,8.49562516943,0.88240178928
498.453776042,90,9.45199454607,1.242809857e-05,0.840580607971,0.121146300115,0.387391541041,0.407763463777,8.66054768812,0.883364227476
50.8626302083,120,1.01451734501,1.3836156012e-06,0.770446576584,0.00265702527759,0.00207920950613,0.00337268851009,1.04971343976,0.780880649359
61.03515625,120,1.20426668793,1.64296812629e-06,0.77859227056,0.000888792550404,0.00237216654239,0.00253363205195,1.24068118385,0.788802592412
71.2076822917,120,1.38907355944,1.89996823771e-06,0.785488217612,0.00249080009486,0.00123266475946,0.00278017783386,1.42930087024,0.795531989764
81.3802083333,120,1.56970913584,2.15511609249e-06,0.791420495236,0.000651991821354,0.00231091997962,0.0024008394543,1.6159621862,0.801385337164
91.552734375,120,1.74413256778,2.40925574194e-06,0.796429948244,0.00114602061595,0.00177773500772,0.00211506850782,1.80094920858,0.806567416068
101.725260417,120,1.92034561424,2.66262038031e-06,0.800716400383,0.00121584311892,0.00137934810463,0.00183892903233,1.98447766524,0.811218439767
111.897786458,120,2.09953448112,2.91485197593e-06,0.804570594503,0.0013614106788,0.000873279050907,0.00161708765366,2.16671660863,0.815438670079
122.0703125,120,2.27737540389,3.16536706053e-06,0.808248938871,0.00122948876192,0.00188496909974,0.00225030721453,2.34780185858,0.819302308791
132.242838542,120,2.44609146116,3.41549905343e-06,0.811478763456,0.00128608039432,0.00155119334664,0.00201488764924,2.52784477021,0.822865826849
142.415364583,120,2.62004890034,3.6657231227e-06,0.814247347443,0.00120394937549,0.00139845642613,0.00184540462856,2.70693818925,0.826173208048
152.587890625,120,2.79914520628,3.91490510975e-06,0.81687949519,0.00137120433004,0.0013531458397,0.00192684631772,2.88516063429,0.829259385378
162.760416667,120,2.97728629539,4.16287516403e-06,0.819435115396,0.00215206346201,0.00147921353519,0.0026120449623,3.06257931757,0.832152569967
172.932942708,120,3.14937910774,4.41052295708e-06,0.821763429492,0.00221923033294,0.00266086640417,0.00346440587984,3.23925237921,0.834875875287
183.10546875,120,3.32530674589,4.65835308138e-06,0.82381193196,0.00222026924134,0.00175654455508,0.00283060317176,3.41523057435,0.837448478134
193.277994792,120,3.5062258751,4.90545630374e-06,0.825775826253,0.00187075481917,0.00221507835491,0.00290094049371,3.59055856996,0.839886466501
203.450520833,120,3.68817015481,5.15170065164e-06,0.827689320742,0.00374963244769,0.00210881957773,0.00430467943187,3.7652759576,0.842203470552
213.623046875,120,3.86662983344,5.39724090933e-06,0.829536437021,0.00297185309246,0.00330926970542,0.00444807150266,3.93941805539,0.844411140122
223.795572917,120,4.0406197908,5.64298400571e-06,0.83119292374,0.0024132504252,0.00267821298456,0.00360470720954,4.1130165511,0.846519511465
233.968098958,120,4.22169317376,5.88939864833e-06,0.832616205454,0.00382492155053,0.0026844750541,0.00467254340643,4.28610002351,0.848537292766
244.140625,120,4.41548131787,6.13449581427e-06,0.834104267171,0.00460754472174,0.00141134405758,0.0048225062997,4.45869436957,0.85047208909
254.313151042,120,4.59887432578,6.3776815425e-06,0.835728388249,0.0039477955221,0.00425835913266,0.00580585626753,4.63082315738,0.852330581578
264.485677083,120,4.76588650421,6.62209290138e-06,0.837078243915,0.00505100177635,0.00446390100038,0.00673357916878,4.80250792058,0.854118671629
274.658203125,120,4.94887509054,6.8687539425e-06,0.838057430178,0.00423178040508,0.00199289257144,0.00467982653532,4.97376840545,0.855841597977
284.830729167,120,5.15737034062,7.11296321753e-06,0.839257912021,0.00532444594116,0.00432080218087,0.00686344199409,5.14462278011,0.857504032558
295.003255208,120,5.34254407314,7.35412851042e-06,0.840726542937,0.00796172208489,0.00615998062986,0.0100708667704,5.31508781254,0.859110159626
305.17578125,120,5.50404427699,7.59807659617e-06,0.841793490572,0.00510548998887,0.00846662893223,0.00987944456309,5.48517902309,0.860663741506
315.348307292,120,5.68959216573,7.84499423649e-06,0.842475035793,0.00763295412015,0.0050269508328,0.00913390307497,5.65491081585,0.862168173618
325.520833333,120,5.90837592802,8.08954282081e-06,0.843361897199,0.00768320980785,0.0104724218118,0.0130189907621,5.82429659239,0.863626530797
335.693359375,120,6.11142398467,8.32939592475e-06,0.844672605918,0.0157244918863,0.00976069192912,0.0185260923704,5.99334885069,0.865041606521
345.865885417,120,6.26667148915,8.57071866559e-06,0.845764891483,0.0078918772681,0.0168441703637,0.0185901723746,6.16207927169,0.866415946307
356.038411458,120,6.42659787648,8.81877382038e-06,0.846150890676,0.0134248271147,0.0109101900023,0.0172565563837,6.3304987951,0.867751876285
366.2109375,120,6.66581849546,9.068450412e-06,0.846364412301,0.0147094833467,0.0155935440501,0.0215588087284,6.49861768636,0.869051527772
376.383463542,120,6.93763906271,9.30491165417e-06,0.847768831911,0.0223943015813,0.0134231956923,0.0261112561525,6.66644559576,0.870316858486
386.555989583,120,7.04883253155,9.53740006957e-06,0.849457336973,0.00928804321418,0.0267192344765,0.0282761052758,6.83399161096,0.871549670954
396.728515625,120,7.12801084891,9.79257628196e-06,0.849093701798,0.0239234229397,0.0148708496616,0.027929513814,7.00126430373,0.872751628529
406.901041667,120,7.43595856159,1.00545718635e-05,0.848172885114,0.010593531816,0.023926915607,0.0261580832534,7.16827177176,0.873924269402
417.073567708,120,7.85653149474,1.02815405752e-05,0.85018539223,0.0447108357411,0.0170745676171,0.0477440407526,7.33502167606,0.875069018877
427.24609375,120,7.83900018716,1.04973789766e-05,0.853014453158,0.0247055447303,0.0589173901813,0.0636349597009,7.5015212746,0.876187200189
437.418619792,120,7.79678306288,1.07670994624e-05,0.851447170149,0.0554101512099,0.0327068218561,0.0644155629484,7.66777745263,0.877280044044
447.591145833,120,8.16230277314,1.10474892287e-05,0.849135632041,0.0589377312319,0.0738091778308,0.0934190525329,7.83379675002,0.878348697075
457.763671875,120,8.92489800876,1.12815246935e-05,0.850418484198,0.144481186046,0.091772545594,0.176303210712,7.99958538611,0.879394229348
467.936197917,120,8.72105306582,1.14414969229e-05,0.857162098284,0.0581676268671,0.181768173551,0.191795005209,8.16514928212,0.880417641049
478.108723958,120,8.44420182792,1.17276919087e-05,0.854423698084,0.175332770009,0.0865998363657,0.195582341386,8.33049408167,0.881419868455
488.28125,120,8.56687462205,1.20380279263e-05,0.850107537037,0.139965031595,0.18087319906,0.228070225137,8.49562516943,0.88240178928
498.453776042,120,9.573882668,1.24102200007e-05,0.841791575917,0.163001068963,0.370163376329,0.41203678818,8.66054768812,0.883364227476
50.8626302083,150,1.01487037397,1.38360736803e-06,0.770451161139,0.00264043833589,0.00193312363711,0.00327056393301,1.04971343976,0.780880649359
61.03515625,150,1.20478290628,1.64295910879e-06,0.77859654392,0.00111236971601,0.00228109536385,0.00253823762095,1.24068118385,0.788802592412
71.2076822917,150,1.38985123192,1.89998252397e-06,0.785482311404,0.00216097322801,0.000984875174944,0.0023757251358,1.42930087024,0.795531989764
81.3802083333,150,1.57096257727,2.15515268121e-06,0.791407059035,0.000699550274195,0.00211702530402,0.0022293993145,1.6159621862,0.801385337164
91.552734375,150,1.74604970877,2.4093018416e-06,0.796414709326,0.00125896269256,0.00143776304531,0.00191073823518,1.80094920858,0.806567416068
101.725260417,150,1.9228384585,2.66264533302e-06,0.800708896552,0.000919637291255,0.000878756394718,0.00127168979807,1.98447766524,0.811218439767
111.897786458,150,2.10238588569,2.91487567741e-06,0.804564052367,0.00076490700701,0.000494490465911,0.000910949864107,2.16671660863,0.815438670079
122.0703125,150,2.2807360614,3.16540621111e-06,0.808238942235,0.000534008662512,0.000766537510165,0.00093422682914,2.34780185858,0.819302308791
132.242838542,150,2.45003756589,3.41555970521e-06,0.811464353626,0.000473803608574,0.00038553752837,0.000610744846824,2.52784477021,0.822865826849
142.415364583,150,2.62481579971,3.66580016912e-06,0.814230233895,0.000459867202861,0.000550849931615,0.000717507391317,2.70693818925,0.826173208048
152.587890625,150,2.80464708971,3.91496396255e-06,0.816867215217,0.000629472938074,0.000944811866019,0.00113533107282,2.88516063429,0.829259385378
162.760416667,150,2.98315687529,4.16292277377e-06,0.819425743833,0.00089062289698,0.00104342800589,0.00137187819653,3.06257931757,0.832152569967
172.932942708,150,3.1554044436,4.41060275406e-06,0.821748562082,0.00086569334503,0.00114540507093,0.00143575544466,3.23925237921,0.834875875287
183.10546875,150,3.33155536201,4.65852953739e-06,0.82378072757,0.00215061617354,0.00182394125718,0.00282010677664,3.41523057435,0.837448478134
193.277994792,150,3.51325976114,4.90578686302e-06,0.82572018424,0.000958154015584,0.0031871920553,0.00332852115403,3.59055856996,0.839886466501
203.450520833,150,3.69682397026,5.15216564113e-06,0.82761462073,0.00161715529325,0.00252825477491,0.00300127642707,3.7652759576,0.842203470552
213.623046875,150,3.87711542219,5.39776133246e-06,0.829456457578,0.000814758455909,0.00341399250952,0.00350923641108,3.93941805539,0.844411140122
223.795572917,150,4.05256349949,5.64352159828e-06,0.83111374567,0.00296909252544,0.00292690346239,0.00416817338425,4.1130165511,0.846519511465
233.968098958,150,4.23476232205,5.88998194978e-06,0.832533749132,0.00117533703732,0.00503417526555,0.00516968473186,4.28610002351,0.848537292766
244.140625,150,4.42994361852,6.13516324707e-06,0.834013526546,0.00128884236671,0.00557276928693,0.0057204564057,4.45869436957,0.85047208909
254.313151042,150,4.61498994638,6.37839561384e-06,0.835634827151,0.00205130929055,0.00363768656899,0.0041776221448,4.63082315738,0.852330581578
264.485677083,150,4.78315534664,6.62283215916e-06,0.83698480706,0.00229933706429,0.00400937680911,0.00462221289115,4.80250792058,0.854118671629
274.658203125,150,4.96693817432,6.86960318928e-06,0.837953826293,0.00242467758788,0.0078759266006,0.00824367242715,4.97376840545,0.855841597977
284.830729167,150,5.17700186367,7.11400462515e-06,0.839135054415,0.00239905151908,0.00851069163983,0.00884437002683,5.14462278011,0.857504032558
295.003255208,150,5.36457335109,7.35529042911e-06,0.84059373297,0.00350398270807,0.00609066056921,0.00702455767209,5.31508781254,0.859110159626
305.17578125,150,5.52783078035,7.59929245162e-06,0.841658807086,0.00173226829184,0.00781595222896,0.00800284312982,5.48517902309,0.860663741506
315.348307292,150,5.71473893799,7.8463782863e-06,0.842326428706,0.00897315217582,0.01080688915,0.0140483170964,5.65491081585,0.862168173618
325.520833333,150,5.93633620248,8.09117316664e-06,0.843191962441,0.00271430632587,0.0183461407392,0.0185379619741,5.82429659239,0.863626530797
335.693359375,150,6.14354634263,8.33105801657e-06,0.844504089095,0.0120361596238,0.00954720508446,0.0153670847278,5.99334885069,0.865041606521
345.865885417,150,6.30074245467,8.57217259693e-06,0.845621440792,0.00744888730596,0.0130495191009,0.0149863454135,6.16207927169,0.866415946307
356.038411458,150,6.45979919765,8.82025780813e-06,0.846008527768,0.0152022729263,0.0183050806373,0.0237892821437,6.3304987951,0.867751876285
366.2109375,150,6.69928597644,9.07040155704e-06,0.84618234983,0.00861312323933,0.0275703948014,0.0288589744194,6.49861768636,0.869051527772
376.383463542,150,6.9765076714,9.30730594475e-06,0.847550744643,0.0193626872451,0.0173813949648,0.0260402627113,6.66644559576,0.870316858486
386.555989583,150,7.09231232353,9.53952929616e-06,0.84926773777,0.0107533523432,0.0120988260907,0.0161062407677,6.83399161096,0.871549670954
396.728515625,150,7.17020580918,9.79460848678e-06,0.84891753015,0.0212523079751,0.017701605545,0.027719004504,7.00126430373,0.872751628529
406.901041667,150,7.47654301415,1.00572526893e-05,0.847946799143,0.00345775435516,0.0479648902415,0.0481002563718,7.16827177176,0.873924269402
417.073567708,150,7.90625392136,1.02853265487e-05,0.84987244355,0.045868773064,0.0268890657739,0.0530301699118,7.33502167606,0.875069018877
427.24609375,150,7.8997504951,1.05001782136e-05,0.852787048482,0.0185132527823,0.037426604535,0.041945283713,7.5015212746,0.876187200189
437.418619792,150,7.85310017345,1.07692789883e-05,0.851274851172,0.0537638826016,0.0375520188021,0.0652344404926,7.66777745263,0.877280044044
447.591145833,150,8.21110219961,1.10501622003e-05,0.848930230945,0.0623519941546,0.0935953032651,0.112011006472,7.83379675002,0.878348697075
457.763671875,150,8.97654306923,1.12871127095e-05,0.849997459599,0.141471052608,0.111853421208,0.182664841451,7.99958538611,0.879394229348
467.936197917,150,8.80279361185,1.14445594957e-05,0.856932721058,0.0588885534119,0.165546265517,0.177379622087,8.16514928212,0.880417641049
478.108723958,150,8.51222040369,1.17298381077e-05,0.854267364869,0.174485234911,0.0711754877893,0.18595996374,8.33049408167,0.881419868455
488.28125,150,8.62799112812,1.20409442319e-05,0.849901641775,0.137155632693,0.194316474528,0.239053056378,8.49562516943,0.88240178928
498.453776042,150,9.62208670631,1.24121747021e-05,0.841659008405,0.152126994488,0.391555814222,0.421496690181,8.66054768812,0.883364227476
50.8626302083,180,1.0145467538,1.38356810707e-06,0.770473023922,0.00284876243286,0.00201198027988,0.0034856633937,1.04971343976,0.780880649359
61.03515625,180,1.20426154011,1.64289097808e-06,0.778628832331,0.00108318672281,0.00237318349274,0.00260886977882,1.24068118385,0.788802592412
71.2076822917,180,1.38896450489,1.89987700485e-06,0.785525937073,0.00193371285401,0.00123697620163,0.0022958476735,1.42930087024,0.795531989764
81.3802083333,180,1.56954899189,2.15501564028e-06,0.79145738589,0.000972971995645,0.00223110635604,0.0024336765571,1.6159621862,0.801385337164
91.552734375,180,1.74403487587,2.409150184e-06,0.79646484416,0.00178518758725,0.00175980480956,0.00250597292684,1.80094920858,0.806567416068
101.725260417,180,1.92045728125,2.66249107518e-06,0.800755287552,0.000826277613735,0.00116995843821,0.0014323022642,1.98447766524,0.811218439767
111.897786458,180,2.09981003983,2.91466546036e-06,0.804622080667,0.000999411783385,0.000584005961909,0.00115764494659,2.16671660863,0.815438670079
122.0703125,180,2.27741245316,3.16510713639e-06,0.80831531369,0.00150244341425,0.00153156029286,0.00214525012315,2.34780185858,0.819302308791
132.242838542,180,2.44571559904,3.41521848324e-06,0.81154542881,0.0012390632814,0.00104248659515,0.00161905932079,2.52784477021,0.822865826849
142.415364583,180,2.61979418686,3.66543042207e-06,0.814312368649,0.00185322310244,0.000801717748368,0.0020181188529,2.70693818925,0.826173208048
152.587890625,180,2.79913379591,3.91452288586e-06,0.816959257363,0.00228968871979,0.000853406198757,0.00244191899143,2.88516063429,0.829259385378
162.760416667,180,2.97674783742,4.16235163021e-06,0.819538182611,0.00181391777517,0.000991213464098,0.00206710529894,3.06257931757,0.832152569967
172.932942708,180,3.14747829859,4.40993761932e-06,0.821872503409,0.00196987290761,0.00222469543384,0.00297127947822,3.23925237921,0.834875875287
183.10546875,180,3.32246720501,4.6578221969e-06,0.82390582755,0.00409705460248,0.00132027330358,0.00430025376101,3.41523057435,0.837448478134
193.277994792,180,3.50341088803,4.90497206021e-06,0.825857350998,0.0038117921446,0.00184636711822,0.00423051145875,3.59055856996,0.839886466501
203.450520833,180,3.68563617283,5.15116708173e-06,0.827775054734,0.00223702519658,0.00159242595529,0.00274628749015,3.7652759576,0.842203470552
213.623046875,180,3.86371972386,5.39660652051e-06,0.829633951754,0.00389417897179,0.00309386611493,0.00496966085311,3.93941805539,0.844411140122
223.795572917,180,4.0368713085,5.64229711776e-06,0.831294112385,0.00602315487407,0.00241521597149,0.00647407109032,4.1130165511,0.846519511465
233.968098958,180,4.21730053849,5.88869897953e-06,0.832715133176,0.0040804661678,0.00252482575837,0.00479352445041,4.28610002351,0.848537292766
244.140625,180,4.41061930918,6.13377381184e-06,0.834202449028,0.00386038897031,0.00165010148802,0.00419731683791,4.45869436957,0.85047208909
254.313151042,180,4.59343711942,6.37693829525e-06,0.83582579437,0.00586069115203,0.00423295200464,0.00722264309917,4.63082315738,0.852330581578
264.485677083,180,4.76001801123,6.62135474415e-06,0.837171562484,0.00627364338742,0.00423271268245,0.00756126970125,4.80250792058,0.854118671629
274.658203125,180,4.94298324929,6.86801152655e-06,0.838148022222,0.00681726358619,0.0018026738551,0.00703266295659,4.97376840545,0.855841597977
284.830729167,180,5.15169863897,7.11215603049e-06,0.839353162759,0.00707064587913,0.003364165036,0.00781387305635,5.14462278011,0.857504032558
295.003255208,180,5.33664330771,7.35318320283e-06,0.840834624724,0.00429459733439,0.00543107534802,0.00692585345181,5.31508781254,0.859110159626
305.17578125,180,5.49712137286,7.59701883805e-06,0.841910696271,0.00729271489612,0.00858259855696,0.0112470450476,5.48517902309,0.860663741506
315.348307292,180,5.68169103306,7.84390268249e-06,0.842592274243,0.014486630815,0.00351126444724,0.0148276201626,5.65491081585,0.862168173618
325.520833333,180,5.9000897133,8.08840997239e-06,0.843480016978,0.00631119115479,0.00878206980977,0.0107902418978,5.82429659239,0.863626530797
335.693359375,180,6.10252972073,8.32814506232e-06,0.844799473212,0.00824881846786,0.00931217895419,0.0124290617442,5.99334885069,0.865041606521
345.865885417,180,6.25641517297,8.5693842867e-06,0.845896589488,0.0150262551433,0.0172324536294,0.0227967243156,6.16207927169,0.866415946307
356.038411458,180,6.41525088518,8.81743106493e-06,0.846279746089,0.0225184549852,0.0080965758805,0.0237391464842,6.3304987951,0.867751876285
366.2109375,180,6.65346257354,9.0670565244e-06,0.846494524742,0.00427539652943,0.0129511331077,0.0136274517679,6.49861768636,0.869051527772
376.383463542,180,6.92358752057,9.30361191078e-06,0.847887267842,0.0140973435756,0.0137209834431,0.0196417232689,6.66644559576,0.870316858486
386.555989583,180,7.03619146236,9.53630157664e-06,0.849555186529,0.021193000625,0.0258155393859,0.033308666527,6.83399161096,0.871549670954
396.728515625,180,7.11813984538,9.79117663132e-06,0.849215079911,0.0290688594731,0.0113673301721,0.0311338303935,7.00126430373,0.872751628529
406.901041667,180,7.42380211285,1.00525120558e-05,0.848346679785,0.0145239211326,0.021661564269,0.0260252406326,7.16827177176,0.873924269402
417.073567708,180,7.83492981332,1.02797344561e-05,0.850334767303,0.0379923270947,0.0130176929775,0.0403009939439,7.33502167606,0.875069018877
427.24609375,180,7.82415305733,1.04967461895e-05,0.853065876383,0.00685191919652,0.0579507073447,0.0582570321313,7.5015212746,0.876187200189
437.418619792,180,7.79232772157,1.07655747077e-05,0.851567762696,0.0643583378087,0.0346228069828,0.0728304415345,7.66777745263,0.877280044044
447.591145833,180,8.15683938183,1.10441756977e-05,0.849390394124,0.071692252009,0.068003474656,0.0969094189723,7.83379675002,0.878348697075
457.763671875,180,8.8862495486,1.12760070766e-05,0.850834614073,0.123957040726,0.0776690010978,0.148344013938,7.99958538611,0.879394229348
467.936197917,180,8.69492253271,1.14429919449e-05,0.857050110425,0.0355150890119,0.176542081104,0.179952856476,8.16514928212,0.880417641049
478.108723958,180,8.44319255022,1.17269185772e-05,0.854480043044,0.185045420754,0.0829805863982,0.200989057598,8.33049408167,0.881419868455
488.28125,180,8.58338267237,1.20354918898e-05,0.850286665885,0.14087659148,0.170324062906,0.219703273423,8.49562516943,0.88240178928
498.453776042,180,9.66687512262,1.23977069823e-05,0.842641197025,0.169773912623,0.33956988856,0.38484144045,8.66054768812,0.883364227476
50.8626302083,210,1.01465560388,1.38360432911e-06,0.770452853338,0.00251072646116,0.00197387208862,0.00319198585222,1.04971343976,0.780880649359
61.03515625,210,1.2045852971,1.64296591352e-06,0.778593319179,0.00117253005394,0.00226214390278,0.00254835821871,1.24068118385,0.788802592412
71.2076822917,210,1.38948631894,1.89997001259e-06,0.78548748384,0.00217351519589,0.00107859802708,0.00242774225958,1.42930087024,0.795531989764
81.3802083333,210,1.57013479455,2.15515037929e-06,0.791407904337,0.000849972106982,0.00222437631179,0.0023810792272,1.6159621862,0.801385337164
91.552734375,210,1.74481133956,2.40934176512e-06,0.796401512494,0.00108332162467,0.00158119660002,0.00191675881612,1.80094920858,0.806567416068
101.725260417,210,1.92136540047,2.66275623107e-06,0.800675548754,0.00133057223575,0.000824143603162,0.00156488571149,1.98447766524,0.811218439767
111.897786458,210,2.10101893853,2.91504588285e-06,0.804517074999,0.00106192341813,0.000476469430457,0.00116385543902,2.16671660863,0.815438670079
122.0703125,210,2.27935885097,3.16561599048e-06,0.808185381774,0.000510929939286,0.00101882414648,0.00113979560778,2.34780185858,0.819302308791
132.242838542,210,2.44869043326,3.41582096252e-06,0.811402289192,0.00134873593665,0.000580974758734,0.00146834995439,2.52784477021,0.822865826849
142.415364583,210,2.62348783689,3.6660992959e-06,0.814163798687,0.00135506212069,0.000485845763,0.00143904161214,2.70693818925,0.826173208048
152.587890625,210,2.80328414649,3.91531247178e-06,0.816794504351,0.00146738302535,0.000368262790937,0.00151230123454,2.88516063429,0.829259385378
162.760416667,210,2.98184567423,4.16331148691e-06,0.819349237054,0.00201638970132,0.000471253529919,0.00207043854397,3.06257931757,0.832152569967
172.932942708,210,3.15399183254,4.41101987292e-06,0.82167085515,0.00225183388586,0.00155077327498,0.0027339912732,3.23925237921,0.834875875287
183.10546875,210,3.32987113339,4.65898152241e-06,0.823700809557,0.00273328830171,0.000848237264453,0.00286243984707,3.41523057435,0.837448478134
193.277994792,210,3.5112337506,4.90628249709e-06,0.825636769748,0.00222838185407,0.00181991168014,0.00287629232454,3.59055856996,0.839886466501
203.450520833,210,3.69429901954,5.15269419304e-06,0.827529725863,0.00391428458706,0.000734485507709,0.00398323657309,3.7652759576,0.842203470552
213.623046875,210,3.87359999477,5.39833541794e-06,0.829368249107,0.00271662444198,0.00234272986414,0.00358688645822,3.93941805539,0.844411140122
223.795572917,210,4.04773772635,5.64420617952e-06,0.831012940552,0.00366431746209,0.000653730388021,0.00372031268154,4.1130165511,0.846519511465
233.968098958,210,4.2286471407,5.89083442909e-06,0.83241327082,0.00393048770135,0.00229630390583,0.00455149760578,4.28610002351,0.848537292766
244.140625,210,4.422455281,6.13625140891e-06,0.833865628158,0.00443905459438,0.00144733078422,0.00466673490077,4.45869436957,0.85047208909
254.313151042,210,4.60669820797,6.37983321204e-06,0.835446529576,0.00400463034927,0.00221156237823,0.00456740616828,4.63082315738,0.852330581578
264.485677083,210,4.77547910912,6.62461727683e-06,0.836759267032,0.00552849519125,0.00167413024976,0.00577308322374,4.80250792058,0.854118671629
274.658203125,210,4.96036538926,6.87158922007e-06,0.837711640382,0.00570194132578,0.00259909348768,0.00626145031353,4.97376840545,0.855841597977
284.830729167,210,5.17054874487,7.11611176563e-06,0.838886579475,0.00460821114019,0.00337351260698,0.00570394743072,5.14462278011,0.857504032558
295.003255208,210,5.35760707501,7.35759910625e-06,0.840329970361,0.00758717131453,0.00180885864688,0.0078051324884,5.31508781254,0.859110159626
305.17578125,210,5.52073659078,7.60182819669e-06,0.841378054599,0.00709890774929,0.00613785247146,0.0093812981752,5.48517902309,0.860663741506
315.348307292,210,5.70708477612,7.84909793492e-06,0.842034569448,0.0100278540377,0.00332861054659,0.0105842258709,5.65491081585,0.862168173618
325.520833333,210,5.92719292409,8.09415869838e-06,0.84288095095,0.0074917206122,0.0111402145687,0.0134348852344,5.82429659239,0.863626530797
335.693359375,210,6.13317427495,8.33449159237e-06,0.844156177195,0.0147230425155,0.00477766767667,0.0155285084432,5.99334885069,0.865041606521
345.865885417,210,6.29077855583,8.57608559596e-06,0.845235610236,0.00977744059549,0.0130796540999,0.016336425441,6.16207927169,0.866415946307
356.038411458,210,6.45057140309,8.82450887475e-06,0.845600976632,0.016049242181,0.00915973604971,0.0185173585077,6.3304987951,0.867751876285
366.2109375,210,6.68943868151,9.07494759013e-06,0.845758460554,0.0145270075708,0.0172437398321,0.0226094810347,6.49861768636,0.869051527772
376.383463542,210,6.96516260629,9.31242566409e-06,0.847084784204,0.0195708407465,0.010197253535,0.0221637319542,6.66644559576,0.870316858486
386.555989583,210,7.08314388457,9.54534800714e-06,0.848750036005,0.0118949515341,0.01861729321,0.0221068988518,6.83399161096,0.871549670954
396.728515625,210,7.1638471253,9.80065835082e-06,0.848393500494,0.0272543170124,0.00793543600707,0.0284789111054,7.00126430373,0.872751628529
406.901041667,210,7.46837239206,1.00634525494e-05,0.847424398753,0.0128016664832,0.0317218007981,0.0342591692164,7.16827177176,0.873924269402
417.073567708,210,7.89511060307,1.0292556927e-05,0.849275419964,0.0416553411164,0.0146050846543,0.0442493852968,7.33502167606,0.875069018877
427.24609375,210,7.89746245578,1.05081231368e-05,0.852142278001,0.0248327262392,0.0488397546686,0.0549548949547,7.5015212746,0.876187200189
437.418619792,210,7.85244244322,1.07768433226e-05,0.850677335988,0.0586739293665,0.0338365579993,0.0680989911364,7.66777745263,0.877280044044
447.591145833,210,8.20388542638,1.10577872872e-05,0.848344836536,0.0637553076821,0.0765004046655,0.0993251176236,7.83379675002,0.878348697075
457.763671875,210,8.95486647845,1.12969463212e-05,0.849257565407,0.133383019516,0.100696897569,0.171667300105,7.99958538611,0.879394229348
467.936197917,210,8.81859656547,1.14548338656e-05,0.856164098494,0.0646439257736,0.173696274176,0.187496238551,8.16514928212,0.880417641049
478.108723958,210,8.51914278553,1.17387000337e-05,0.853622450685,0.173748289299,0.0838865197991,0.193419834583,8.33049408167,0.881419868455
488.28125,210,8.62458652626,1.20492780169e-05,0.849313814229,0.146529866016,0.174603781439,0.23001594521,8.49562516943,0.88240178928
498.453776042,210,9.57150718133,1.24178240927e-05,0.841276102314,0.13846982117,0.362204409969,0.392658827504,8.66054768812,0.883364227476
50.8626302083,240,1.01504970515,1.38363028371e-06,0.770438400926,0.00266587001802,0.00196290887724,0.00330884750605,1.04971343976,0.780880649359
61.03515625,240,1.20515416276,1.64297699134e-06,0.77858806949,0.00110500737901,0.00232874914591,0.00257798932044,1.24068118385,0.788802592412
71.2076822917,240,1.39047378514,1.89997497348e-06,0.785485432907,0.00227150285047,0.000983901560365,0.00247645669623,1.42930087024,0.795531989764
81.3802083333,240,1.57166681324,2.15510056844e-06,0.791426196153,0.000822045996456,0.00214641735417,0.00229825783307,1.6159621862,0.801385337164
91.552734375,240,1.74679800159,2.40922592268e-06,0.796439805745,0.00110875353037,0.00139910960483,0.00178505100414,1.80094920858,0.806567416068
101.725260417,240,1.92398833109,2.66252423174e-06,0.800745315704,0.000605053445572,0.00102418235085,0.00118968141911,1.98447766524,0.811218439767
111.897786458,240,2.10368660036,2.91465026522e-06,0.804626275456,0.00137177170156,0.000534702187843,0.00147256379183,2.16671660863,0.815438670079
122.0703125,240,2.28178828732,3.16510120965e-06,0.808316827282,0.000905786983319,0.00120063966031,0.00150405029338,2.34780185858,0.819302308791
132.242838542,240,2.45106856884,3.41519672328e-06,0.811550599581,0.000447422136274,0.000856690633585,0.000966422599019,2.52784477021,0.822865826849
142.415364583,240,2.62600450358,3.66536412481e-06,0.81432709752,0.000612597635075,0.00070736044549,0.000935792346232,2.70693818925,0.826173208048
152.587890625,240,2.80618564828,3.91442938633e-06,0.816978771141,0.000741194045676,0.000708414437299,0.00102547090153,2.88516063429,0.829259385378
162.760416667,240,2.98499734142,4.16225098538e-06,0.819557999361,0.00159171931357,0.000794617256231,0.00177905977559,3.06257931757,0.832152569967
172.932942708,240,3.15762398195,4.40978651476e-06,0.821900665471,0.00122541050035,0.00182895053507,0.00220126311964,3.23925237921,0.834875875287
183.10546875,240,3.33449003177,4.65749879186e-06,0.823963037505,0.00145611371341,0.00101370272508,0.00177327673552,3.41523057435,0.837448478134
193.277994792,240,3.51636494591,4.90442614475e-06,0.825949277819,0.00147453144327,0.00221376549258,0.00265998702873,3.59055856996,0.839886466501
203.450520833,240,3.69882942102,5.15047321498e-06,0.827886571786,0.00254834940486,0.00108465096283,0.00276983406524,3.7652759576,0.842203470552
213.623046875,240,3.87763680057,5.39585339809e-06,0.829749747325,0.000999328870466,0.00223705034024,0.00245000771702,3.93941805539,0.844411140122
223.795572917,240,4.05224020495,5.6414379516e-06,0.831420714819,0.00238728225247,0.00134186343879,0.00273657966962,4.1130165511,0.846519511465
233.968098958,240,4.23376844126,5.8876757491e-06,0.832859852333,0.00052309184415,0.00271427225455,0.00276440501395,4.28610002351,0.848537292766
244.140625,240,4.42794160271,6.132640486e-06,0.834356611528,0.00263606543571,0.00258366603846,0.00369348852968,4.45869436957,0.85047208909
254.313151042,240,4.61231408688,6.37572219851e-06,0.835985218666,0.00297913913395,0.00125719367236,0.00323863911639,4.63082315738,0.852330581578
264.485677083,240,4.78082014514,6.61997183454e-06,0.837346447308,0.000895557650472,0.00216391665528,0.00234162692404,4.80250792058,0.854118671629
274.658203125,240,4.96513995708,6.86642754284e-06,0.838341370627,0.00157809055092,0.00440644941427,0.00468364089967,4.97376840545,0.855841597977
284.830729167,240,5.17498655502,7.11043268177e-06,0.839556595977,0.00426654079031,0.00503582912042,0.006604567722,5.14462278011,0.857504032558
295.003255208,240,5.36147367994,7.35140483393e-06,0.841038029948,0.00616251340219,0.00323937378322,0.00696159358953,5.31508781254,0.859110159626
305.17578125,240,5.52504876042,7.59523308688e-06,0.842108641877,0.00208831794039,0.00461506449224,0.00506619915793,5.48517902309,0.860663741506
315.348307292,240,5.71451429101,7.84192873745e-06,0.842804368856,0.00601834215742,0.00521121033723,0.00794964315335,5.65491081585,0.862168173618
325.520833333,240,5.93715448355,8.08593532091e-06,0.843738158923,0.00692089299171,0.0129675606135,0.014701556118,5.82429659239,0.863626530797
335.693359375,240,6.14114469641,8.32518125444e-06,0.845100226224,0.0155130376714,0.00496080352949,0.0162891103807,5.99334885069,0.865041606521
345.865885417,240,6.29724236699,8.56622704956e-06,0.846208359899,0.00543098332562,0.012078290667,0.0132204527581,6.16207927169,0.866415946307
356.038411458,240,6.461196152,8.81393503876e-06,0.846615420918,0.012185722199,0.0124672692799,0.0173776338813,6.3304987951,0.867751876285
366.2109375,240,6.7042040811,9.06285488823e-06,0.846886968632,0.013752340953,0.0192276168119,0.0236690107398,6.49861768636,0.869051527772
376.383463542,240,6.97569284373,9.29847940992e-06,0.848355277926,0.0228015834837,0.0115682243607,0.0255844477028,6.66644559576,0.870316858486
386.555989583,240,7.08608201625,9.5307014065e-06,0.850054378916,0.0119059809065,0.0181031857294,0.0216373233276,6.83399161096,0.871549670954
396.728515625,240,7.16915140964,9.78569060733e-06,0.849691164276,0.0182287664945,0.010017707596,0.0208239918169,7.00126430373,0.872751628529
406.901041667,240,7.48561406242,1.00470529402e-05,0.848807633128,0.0045357802737,0.035103775141,0.0354213482111,7.16827177176,0.873924269402
417.073567708,240,7.90927935925,1.02718870156e-05,0.850984399795,0.0494263377401,0.01086048577,0.050671245321,7.33502167606,0.875069018877
427.24609375,240,7.87705295984,1.04874271575e-05,0.853823902931,0.0143861668041,0.0475666460689,0.0496904698553,7.5015212746,0.876187200189
437.418619792,240,7.83947692392,1.07582337226e-05,0.852148838215,0.052569376184,0.0288635760758,0.0598804406207,7.66777745263,0.877280044044
447.591145833,240,8.22852150145,1.10386348741e-05,0.849816744155,0.0578116985536,0.0847772340484,0.10157187433,7.83379675002,0.878348697075
457.763671875,240,9.0223425439,1.12661731942e-05,0.851577280406,0.155548330312,0.091946763438,0.184520102251,7.99958538611,0.879394229348
467.936197917,240,8.73310890865,1.14273511283e-05,0.858223169989,0.0481816261319,0.175025287666,0.182356394837,8.16514928212,0.880417641049
478.108723958,240,8.48268594625,1.17174799561e-05,0.855168340646,0.180258228275,0.0716840686859,0.192256105202,8.33049408167,0.881419868455
488.28125,240,8.63723367037,1.2028000144e-05,0.850816274423,0.136020684143,0.203028168102,0.243790869562,8.49562516943,0.88240178928
498.453776042,240,9.71973266644,1.24075126323e-05,0.841975258177,0.189267734692,0.416780781708,0.46487438118,8.66054768812,0.883364227476
50.8626302083,270,1.01514612491,1.38365387437e-06,0.770425265308,0.00242949454568,0.00198020615198,0.00313271436602,1.04971343976,0.780880649359
61.03515625,270,1.20519119107,1.64300378033e-06,0.778575374699,0.00113376177604,0.00226593128344,0.00253425159429,1.24068118385,0.788802592412
71.2076822917,270,1.39009262555,1.90001047338e-06,0.785470756854,0.00233052626815,0.0011138945989,0.00258460070091,1.42930087024,0.795531989764
81.3802083333,270,1.57081215757,2.15521559356e-06,0.791383957273,0.000953256151615,0.00218933394105,0.00238772727189,1.6159621862,0.801385337164
91.552734375,270,1.74593342488,2.40944262802e-06,0.796368173927,0.000723647440095,0.00144447389729,0.00161574985574,1.80094920858,0.806567416068
101.725260417,270,1.92327033905,2.66283747826e-06,0.800651118934,0.00122984484146,0.000981526513178,0.00157385426822,1.98447766524,0.811218439767
111.897786458,270,2.10332501672,2.91504502261e-06,0.804517312415,0.00173487189942,0.000408204641191,0.00178243554787,2.16671660863,0.815438670079
122.0703125,270,2.28144519072,3.16555163696e-06,0.808201811633,0.00104202362977,0.00132732018182,0.00168755796679,2.34780185858,0.819302308791
132.242838542,270,2.45053659604,3.41576244877e-06,0.811416188929,0.00171019055926,0.000816145163734,0.00189535797029,2.52784477021,0.822865826849
142.415364583,270,2.62569397091,3.66606234772e-06,0.814172004187,0.00157690920415,0.00059503607668,0.00168544912591,2.70693818925,0.826173208048
152.587890625,270,2.80612603624,3.91521977718e-06,0.816813842329,0.00174733680737,0.000391692970382,0.00179068447946,2.88516063429,0.829259385378
162.760416667,270,2.98460348269,4.16310650778e-06,0.819389579402,0.00311429867754,0.000289885964642,0.00312967260473,3.06257931757,0.832152569967
172.932942708,270,3.15595503824,4.41076854674e-06,0.821717674064,0.00331359746478,0.00180098844304,0.00377356750767,3.23925237921,0.834875875287
183.10546875,270,3.33125266901,4.65877081226e-06,0.823738064474,0.00222747762975,0.0013097548164,0.00258368872441,3.41523057435,0.837448478134
193.277994792,270,3.51251597316,4.90612321262e-06,0.825663575255,0.00267983486906,0.00108095108159,0.00289017171038,3.59055856996,0.839886466501
203.450520833,270,3.69549163689,5.15258440466e-06,0.827547358402,0.00523917660735,0.000759314627981,0.00530263351855,3.7652759576,0.842203470552
213.623046875,270,3.87492017661,5.39832363632e-06,0.82937005917,0.00351840312701,0.00316854524301,0.00474010776526,3.93941805539,0.844411140122
223.795572917,270,4.04984852679,5.64430653271e-06,0.830998165521,0.0031249142273,0.000801851034853,0.00322253980735,4.1130165511,0.846519511465
233.968098958,270,4.23236404414,5.89101649168e-06,0.832387544985,0.00484016189597,0.00136228163234,0.00503252136191,4.28610002351,0.848537292766
244.140625,270,4.4283360353,6.13637745622e-06,0.833848499726,0.00610152198942,0.00231367731025,0.00653299927213,4.45869436957,0.85047208909
254.313151042,270,4.61381391415,6.37976870814e-06,0.835454976523,0.00507158349748,0.00246807518812,0.00563771455082,4.63082315738,0.852330581578
264.485677083,270,4.78255384946,6.62441043083e-06,0.836785394687,0.00540077442162,0.00129698189505,0.00555501970962,4.80250792058,0.854118671629
274.658203125,270,4.96764365845,6.87137581002e-06,0.837737657891,0.00567565867113,0.00297539495256,0.00640432722642,4.97376840545,0.855841597977
284.830729167,270,5.17925738718,7.11583337166e-06,0.838919399378,0.00648066023627,0.0025034657676,0.00694708983148,5.14462278011,0.857504032558
295.003255208,270,5.36679244922,7.35710416921e-06,0.840386502173,0.0102467801185,0.00162507650816,0.0104022157782,5.31508781254,0.859110159626
305.17578125,270,5.5291603601,7.60127676791e-06,0.841439091724,0.00716605982863,0.00724840183054,0.0102026196214,5.48517902309,0.860663741506
315.348307292,270,5.71649584501,7.84863496297e-06,0.842084239025,0.00632781097258,0.00216738683338,0.00668791086698,5.65491081585,0.862168173618
325.520833333,270,5.93940930993,8.09355294164e-06,0.842944035831,0.0106287659368,0.00953076784543,0.0142965691702,5.82429659239,0.863626530797
335.693359375,270,6.14584008447,8.33342314005e-06,0.844264408904,0.019518820981,0.00691159454375,0.0207994398669,5.99334885069,0.865041606521
345.865885417,270,6.3005291864,8.57490602267e-06,0.845351881754,0.00736082728572,0.0157969587254,0.0174379398919,6.16207927169,0.866415946307
356.038411458,270,6.46093239217,8.82363687915e-06,0.845684543119,0.0123408391344,0.00748480102824,0.0144561383371,6.3304987951,0.867751876285
366.2109375,270,6.70572229282,9.07402285646e-06,0.845844651799,0.0185445780275,0.0161710756273,0.0247092875032,6.49861768636,0.869051527772
376.383463542,270,6.98478205748,9.31035071727e-06,0.847273569347,0.0260394685926,0.0129746561316,0.0292588771084,6.66644559576,0.870316858486
386.555989583,270,7.09226723769,9.54254903423e-06,0.848998987134,0.00938550667703,0.0213816081594,0.0233593623115,6.83399161096,0.871549670954
396.728515625,270,7.16632452682,9.79884184729e-06,0.848550775181,0.0235232649918,0.00537033790207,0.024186280876,7.00126430373,0.872751628529
406.901041667,270,7.48093787629,1.00626648378e-05,0.847490735653,0.0112067040014,0.0336064007349,0.0354401357902,7.16827177176,0.873924269402
417.073567708,270,7.92493693783,1.02895630529e-05,0.849522527027,0.0535989877847,0.0108090990159,0.0548168384517,7.33502167606,0.875069018877
427.24609375,270,7.89647526011,1.05031263208e-05,0.852547680933,0.028617606566,0.054934126445,0.0621946613249,7.5015212746,0.876187200189
437.418619792,270,7.83600765624,1.07747680036e-05,0.850841184229,0.0556641404933,0.0350324502044,0.0660867655973,7.66777745263,0.877280044044
447.591145833,270,8.2035746333,1.10588953016e-05,0.848259839055,0.0583190239181,0.082408688006,0.10066274073,7.83379675002,0.878348697075
457.763671875,270,9.03520330575,1.12973764475e-05,0.849225231529,0.163044130323,0.108724344714,0.202559285132,7.99958538611,0.879394229348
467.936197917,270,8.79571795656,1.14443224456e-05,0.856950470989,0.0707609467092,0.193871942878,0.208947208206,8.16514928212,0.880417641049
478.108723958,270,8.47651899241,1.1735774865e-05,0.853835218031,0.177426341671,0.0893042319635,0.199255691194,8.33049408167,0.881419868455
488.28125,270,8.58221806151,1.20507163085e-05,0.849212445906,0.148799836041,0.187566878449,0.241486797239,8.49562516943,0.88240178928
498.453776042,270,9.50428699438,1.24357554146e-05,0.840063052351,0.139364516257,0.410410468524,0.438169694677,8.66054768812,0.883364227476
50.8626302083,300,1.01450249367,1.38361271436e-06,0.770448184087,0.00268838023663,0.00207764779809,0.00339625611303,1.04971343976,0.780880649359
61.03515625,300,1.20433878433,1.64296205068e-06,0.778595149762,0.00095026879948,0.00229739298953,0.00248654695526,1.24068118385,0.788802592412
71.2076822917,300,1.38909794213,1.8999609262e-06,0.785491240361,0.00231717916221,0.00121171226695,0.00261565272719,1.42930087024,0.795531989764
81.3802083333,300,1.5698083994,2.15512407633e-06,0.791417563349,0.000687148137632,0.00234564576565,0.00244389570018,1.6159621862,0.801385337164
91.552734375,300,1.74452953695,2.40927132933e-06,0.79642479554,0.00126737578609,0.00175408543655,0.00216388307147,1.80094920858,0.806567416068
101.725260417,300,1.92110220523,2.66259490829e-06,0.80072406053,0.00112121097225,0.00108603134803,0.00156088133404,1.98447766524,0.811218439767
111.897786458,300,2.10009953008,2.91477998275e-06,0.804590466877,0.00125174037592,0.000835734502062,0.0015048059312,2.16671660863,0.815438670079
122.0703125,300,2.27785816722,3.16529533862e-06,0.808267252852,0.00123935642833,0.00175566062905,0.0021491632224,2.34780185858,0.819302308791
132.242838542,300,2.44658658276,3.41541281858e-06,0.811499252267,0.00101299621325,0.00134066544171,0.00168053348018,2.52784477021,0.822865826849
142.415364583,300,2.62071678428,3.66563560634e-06,0.814266787444,0.00112892154439,0.00117418469588,0.00162931734713,2.70693818925,0.826173208048
152.587890625,300,2.80021719254,3.91475345573e-06,0.816911140364,0.00138933039622,0.000972515675664,0.00169689998239,2.88516063429,0.829259385378
162.760416667,300,2.97807360689,4.16260180373e-06,0.81948892814,0.00182869619244,0.00111219952834,0.00214086882243,3.06257931757,0.832152569967
172.932942708,300,3.14898539047,4.4101885313e-06,0.821825744035,0.00169077728726,0.00264699377265,0.00314089021859,3.23925237921,0.834875875287
183.10546875,300,3.32400019705,4.65807726417e-06,0.823860712066,0.0022434290531,0.00190823270827,0.00294572614044,3.41523057435,0.837448478134
193.277994792,300,3.50476830025,4.90523158508e-06,0.825813656728,0.00164379942104,0.00154569097059,0.00225788511797,3.59055856996,0.839886466501
203.450520833,300,3.68666501685,5.1514821428e-06,0.827724428586,0.00263397355085,0.00136131685208,0.00296552632154,3.7652759576,0.842203470552
213.623046875,300,3.86485191598,5.39700016854e-06,0.829573439662,0.00230164584329,0.00348542703509,0.00417783600963,3.93941805539,0.844411140122
223.795572917,300,4.03830498311,5.64273356449e-06,0.831229814543,0.00283087419679,0.00200323436361,0.00346833183989,4.1130165511,0.846519511465
233.968098958,300,4.21865576541,5.88915015642e-06,0.832651337584,0.00269943067002,0.00145418352283,0.00306803472821,4.28610002351,0.848537292766
244.140625,300,4.41158042002,6.1343018437e-06,0.834130642084,0.00346814364805,0.00204126656369,0.0040255176348,4.45869436957,0.85047208909
254.313151042,300,4.59449748013,6.37757892258e-06,0.83574183573,0.00319667603185,0.00420343826323,0.00528026314059,4.63082315738,0.852330581578
264.485677083,300,4.76138606408,6.62207382173e-06,0.83708065572,0.00397272910527,0.00388262038511,0.00555444756424,4.80250792058,0.854118671629
274.658203125,300,4.94445562398,6.86879494233e-06,0.838052427814,0.00341420701633,0.0019942987848,0.00395762293468,4.97376840545,0.855841597977
284.830729167,300,5.15315147612,7.11302066991e-06,0.839251133275,0.00440522486334,0.00191306227518,0.00480835677167,5.14462278011,0.857504032558
295.003255208,300,5.33797129504,7.35414632688e-06,0.840724506158,0.00568896488011,0.00523806431156,0.00773225618397,5.31508781254,0.859110159626
305.17578125,300,5.49846215554,7.59812848202e-06,0.841787742161,0.00383238406191,0.00927012798475,0.010031226805,5.48517902309,0.860663741506
315.348307292,300,5.68363586247,7.8451452262e-06,0.842458821299,0.0089216559031,0.0024281803637,0.00924291307246,5.65491081585,0.862168173618
325.520833333,300,5.90245714747,8.08967731194e-06,0.843347876282,0.00550592477681,0.00667339775133,0.00866110662721,5.82429659239,0.863626530797
335.693359375,300,6.10356598224,8.32947096124e-06,0.844664996639,0.0129981162529,0.00994942647531,0.0163801616312,5.99334885069,0.865041606521
345.865885417,300,6.2564059994,8.57106098755e-06,0.845731112246,0.0092866271697,0.0185023312429,0.0206922713441,6.16207927169,0.866415946307
356.038411458,300,6.41671703644,8.8194547477e-06,0.846085561552,0.0160406237596,0.00475130965418,0.0167028640745,6.3304987951,0.867751876285
366.2109375,300,6.65694888593,9.06920620907e-06,0.846293879144,0.0107812760412,0.0107287579113,0.0152532914053,6.49861768636,0.869051527772
376.383463542,300,6.92723313529,9.30572085638e-06,0.847695112054,0.0187309836247,0.0164365988264,0.0249413658165,6.66644559576,0.870316858486
386.555989583,300,7.03782816985,9.53865270142e-06,0.849345784812,0.0127512791373,0.0260191561106,0.028944824646,6.83399161096,0.871549670954
396.728515625,300,7.11944782807,9.79410400057e-06,0.848961257192,0.0257261475611,0.00602874360752,0.0263333122189,7.00126430373,0.872751628529
406.901041667,300,7.42982619498,1.00561547637e-05,0.848039377517,0.00935478415533,0.0241073010425,0.0258054159,7.16827177176,0.873924269402
417.073567708,300,7.85087943619,1.0282872101e-05,0.850075302004,0.0418432134419,0.00542567038602,0.0419631501378,7.33502167606,0.875069018877
427.24609375,300,7.83049763714,1.0499025483e-05,0.852880679436,0.0181631165177,0.0583876246879,0.0610693977071,7.5015212746,0.876187200189
437.418619792,300,7.79070064605,1.07692178117e-05,0.851279687,0.0589427485655,0.0377503453069,0.0698861244308,7.66777745263,0.877280044044
447.591145833,300,8.16407201253,1.10498068323e-05,0.848957533015,0.0629041948642,0.0684515321074,0.0920638510988,7.83379675002,0.878348697075
457.763671875,300,8.9327918473,1.12813315809e-05,0.850433041568,0.14023317471,0.0802318931384,0.164976828804,7.99958538611,0.879394229348
467.936197917,300,8.69860354433,1.14432653909e-05,0.857029630527,0.047368569467,0.18466673662,0.191509930634,8.16514928212,0.880417641049
478.108723958,300,8.43347258472,1.17312270481e-05,0.8541662223,0.180962727094,0.0884984990701,0.200677964604,8.33049408167,0.881419868455
488.28125,300,8.57621706257,1.20415962613e-05,0.849855621229,0.144267193605,0.175799852851,0.227368731642,8.49562516943,0.88240178928
498.453776042,300,9.62285041535,1.2413636428e-05,0.841559901684,0.169737311753,0.372302145029,0.415215264091,8.66054768812,0.883364227476
50.8626302083,330,1.01464909952,1.38362408376e-06,0.77044185322,0.0026310772922,0.0019630058057,0.00328089687963,1.04971343976,0.780880649359
61.03515625,330,1.2046667591,1.64296458116e-06,0.77859395058,0.00124999513684,0.00236129484874,0.00267254011792,1.24068118385,0.788802592412
71.2076822917,330,1.38951428421,1.89993881832e-06,0.785500380414,0.00228898962237,0.00113090013094,0.00255361588302,1.42930087024,0.795531989764
81.3802083333,330,1.57006953092,2.15509000549e-06,0.791430075248,0.00123591082204,0.00215646801995,0.00248550481579,1.6159621862,0.801385337164
91.552734375,330,1.74465884475,2.40925039257e-06,0.796431716593,0.00123212250805,0.00165685609482,0.00206521673354,1.80094920858,0.806567416068
101.725260417,330,1.92123700395,2.66261582481e-06,0.800717770339,0.000567472988599,0.00107743834389,0.00121794239629,1.98447766524,0.811218439767
111.897786458,330,2.10072057284,2.91482097742e-06,0.804579150943,0.00178703123604,0.000446544867099,0.00184250951807,2.16671660863,0.815438670079
122.0703125,330,2.27858939706,3.16531248798e-06,0.808262873737,0.00133649273007,0.00123219427333,0.00181815836101,2.34780185858,0.819302308791
132.242838542,330,2.44741626391,3.41545722705e-06,0.811488700988,0.000875285084197,0.000712586570766,0.00112862014527,2.52784477021,0.822865826849
142.415364583,330,2.6218974349,3.66567288438e-06,0.814258506763,0.00125912479698,0.000501147264274,0.00135573488728,2.70693818925,0.826173208048
152.587890625,330,2.80135902121,3.91478089136e-06,0.816905415275,0.001640070815,0.000951239826234,0.00189712784604,2.88516063429,0.829259385378
162.760416667,330,2.97917243605,4.16266252318e-06,0.819476974514,0.00279586582457,0.000973997010345,0.00296195833771,3.06257931757,0.832152569967
172.932942708,330,3.15037967664,4.41028921749e-06,0.821806981884,0.00266859044724,0.00110227016299,0.00288845659313,3.23925237921,0.834875875287
183.10546875,330,3.32559005792,4.65819260312e-06,0.823840312903,0.0017642653952,0.000603664462027,0.00186597812603,3.41523057435,0.837448478134
193.277994792,330,3.50653471794,4.9054073513e-06,0.825784066902,0.0028555852569,0.00253372001156,0.00382018535826,3.59055856996,0.839886466501
203.450520833,330,3.68911975638,5.15170344198e-06,0.827688872437,0.0042124837423,0.000973023029312,0.00432343330694,3.7652759576,0.842203470552
213.623046875,330,3.86783377677,5.39721755022e-06,0.829540027248,0.00299896274848,0.00204779627595,0.00363365925096,3.93941805539,0.844411140122
223.795572917,330,4.04134760665,5.64296524522e-06,0.831195687107,0.00317729162563,0.00137241709036,0.00346632126501,4.1130165511,0.846519511465
233.968098958,330,4.2219071551,5.88947376774e-06,0.83260558555,0.00269274745688,0.00356208606164,0.00446530374742,4.28610002351,0.848537292766
244.140625,330,4.41574709613,6.13471118613e-06,0.834074984197,0.00511527443775,0.00386322304081,0.00641648246895,4.45869436957,0.85047208909
254.313151042,330,4.59965870583,6.37802883674e-06,0.835682881452,0.00547887123882,0.00160024696629,0.0057212236242,4.63082315738,0.852330581578
264.485677083,330,4.76751730954,6.6225553835e-06,0.837019787065,0.00249626464825,0.00255808081519,0.00357704593939,4.80250792058,0.854118671629
274.658203125,330,4.95162523569,6.86929448208e-06,0.837991484074,0.00366308178008,0.00650320260743,0.00747690219649,4.97376840545,0.855841597977
284.830729167,330,5.16119538728,7.11351892214e-06,0.839192349604,0.00683066869588,0.00723403250908,0.00996460473063,5.14462278011,0.857504032558
295.003255208,330,5.34672518284,7.3546751683e-06,0.840664053462,0.00800427697186,0.00504234107384,0.00946379825211,5.31508781254,0.859110159626
305.17578125,330,5.50819259649,7.59871254465e-06,0.841723039521,0.00488655430057,0.00587644435701,0.00766220708128,5.48517902309,0.860663741506
315.348307292,330,5.69458752461,7.84579195208e-06,0.842389377713,0.007907688147,0.0100104302308,0.0127603053125,5.65491081585,0.862168173618
325.520833333,330,5.91512767282,8.09040478409e-06,0.843272044218,0.0100508044473,0.0181938632063,0.0207894189896,5.82429659239,0.863626530797
335.693359375,330,6.11899880912,8.33019982063e-06,0.844591091808,0.0182484768492,0.00701255688368,0.0195491458911,5.99334885069,0.865041606521
345.865885417,330,6.2739670056,8.57159232058e-06,0.845678687346,0.00836268384276,0.00961964094529,0.0127384364102,6.16207927169,0.866415946307
356.038411458,330,6.43467316815,8.81985723911e-06,0.846046950703,0.012899669316,0.0189524071501,0.0228916432508,6.3304987951,0.867751876285
366.2109375,330,6.67612897943,9.06966624612e-06,0.846250952919,0.0163351522107,0.0275879864036,0.0320432818837,6.49861768636,0.869051527772
376.383463542,330,6.94983503918,9.30606878947e-06,0.84766341863,0.0276554007612,0.0140339834078,0.0310419034264,6.66644559576,0.870316858486
386.555989583,330,7.0613368205,9.53856632086e-06,0.849353476426,0.0152118202127,0.00951655881488,0.017985207233,6.83399161096,0.871549670954
396.728515625,330,7.14160000948,9.79388737887e-06,0.84898003456,0.0129363957449,0.0186642024669,0.0227044577998,7.00126430373,0.872751628529
406.901041667,330,7.45200785983,1.00560246511e-05,0.848050350102,0.0114722374218,0.0490637752069,0.0504680318511,7.16827177176,0.873924269402
417.073567708,330,7.87641862434,1.02827955844e-05,0.850081627603,0.0576465897559,0.0256217112757,0.0631531159597,7.33502167606,0.875069018877
427.24609375,330,7.8571987053,1.04983576563e-05,0.852934933298,0.0229629664045,0.0338853272697,0.0409283774282,7.5015212746,0.876187200189
437.418619792,330,7.81455549953,1.07683317754e-05,0.851349731711,0.0450930286107,0.0315863608433,0.0545719728423,7.66777745263,0.877280044044
447.591145833,330,8.18269377643,1.10491435211e-05,0.849008498326,0.0551808231619,0.0989715501208,0.112484809076,7.83379675002,0.878348697075
457.763671875,330,8.95991022391,1.12826831839e-05,0.850331164401,0.158433772892,0.111859622217,0.196477892469,7.99958538611,0.879394229348
467.936197917,330,8.7377077858,1.14414656236e-05,0.857164443136,0.0644165716574,0.159773239609,0.173204826984,8.16514928212,0.880417641049
478.108723958,330,8.45810016608,1.17287066579e-05,0.854349774694,0.165567664423,0.0598982687437,0.172287069313,8.33049408167,0.881419868455
488.28125,330,8.58728729076,1.20403828777e-05,0.849941266417,0.122539306739,0.206366707186,0.239386274169,8.49562516943,0.88240178928
498.453776042,330,9.6151705066,1.24143232103e-05,0.841513345101,0.177110932908,0.411382020713,0.45062734452,8.66054768812,0.883364227476
