grid,degree,tm_eigenvalue_error,te_eigenvalue_error,tm_wavenumber_error,te_wavenumber_error,tm_residual,te_residual,polarization_splitting
native-l6,1,-3.97234829872e-05,0.000193178152608,-1.98619387419e-05,9.65844120298e-05,0.012267359821,2.21307779331,0.000232901635596
native-l6,2,-0.000127579735883,0.000232833935954,-6.3791902645e-05,0.000116410192311,0.0475088311501,1.48101358048,0.000360413671837
native-l6,3,-0.000259107923935,0.000224246762345,-0.000129562355169,0.000112117096051,0.0377440804815,1.13214390552,0.00048335468628
native-l6,4,-0.000436730307107,0.000180351124024,-0.000218389000431,9.01714965627e-05,0.0299684855032,0.916067827058,0.000617081431131
native-l6,5,-0.000575362062663,-4.47777440226e-05,-0.000287722423428,-2.23891226477e-05,0.0287683362313,0.671206116464,0.000530584318641
native-l6,6,-0.000930640047801,4.65272597008e-05,-0.000465428335668,2.32633592585e-05,0.021862007733,0.688048119998,0.000977167307501
native-l6,7,-0.00124680113748,-4.29482604153e-05,-0.000623595004104,-2.14743607817e-05,0.0195980921968,0.619924281871,0.00120385287706
native-l6,8,-0.00160906572576,-0.00014849684331,-0.000804856760083,-7.42511782739e-05,0.0179546053884,0.566990180613,0.00146056888245
native-l6,9,-0.00201741428961,-0.000270361707398,-0.00100921640368,-0.000135189991866,0.0167368334814,0.524369412623,0.00174705258221
native-l6,10,-0.00248704094771,-0.000344333816227,-0.00124429460839,-0.000172181731388,0.0183525698894,0.498706155756,0.00214270713148
native-l6,11,-0.00297221570135,-0.000563026946847,-0.00148721375305,-0.0002815531095,0.0151215791512,0.459656011304,0.0024091887545
native-l6,12,-0.00351855611691,-0.00073366279476,-0.00176082831664,-0.00036689870471,0.0145807826447,0.434485928248,0.00278489332215
native-l6,13,-0.00411075884672,-0.000920376748495,-0.0020574960684,-0.000460294309673,0.0141566533619,0.412796076669,0.00319038209823
native-l6,14,-0.00474873676909,-0.00112308864142,-0.00237719390999,-0.000561702075318,0.0138196627567,0.39392204069,0.00362564812768
native-l6,15,-0.0052726270889,-0.0015111602868,-0.00263979781069,-0.000755865809962,0.013337404824,0.379693714033,0.0037614668021
native-l6,16,-0.0061616243713,-0.00157625910679,-0.00308557256468,-0.000788440372508,0.0133285794849,0.362706549253,0.00458536526451
native-l6,17,-0.00693631764254,-0.00182662720425,-0.00347419383266,-0.000913731054343,0.0131482237842,0.349658594836,0.00510969043829
native-l6,18,-0.00775635475004,-0.00209280773689,-0.00388572681145,-0.00104695192261,0.0129995057031,0.337963281681,0.00566354701314
native-l6,19,-0.00862161091382,-0.00237477816307,-0.00432013724984,-0.00118809486624,0.0128763710513,0.327418370814,0.00624683275076
native-l6,20,-0.00954523470665,-0.00263912297636,-0.00478406097302,-0.00132043326018,0.013758359522,0.317807633016,0.0069061117303
native-l6,21,-0.010487251672,-0.00298602260289,-0.0052574462063,-0.00149412750995,0.012689675045,0.309148459432,0.00750122906911
native-l6,22,-0.0114873575916,-0.00331527095729,-0.00576026914611,-0.00165901163845,0.0126199329684,0.30117494423,0.00817208663429
native-l6,23,-0.0125321254103,-0.00366025557738,-0.00628581846203,-0.00183180554447,0.0125629187106,0.293844234355,0.00887186983295
native-l6,24,-0.0136214018484,-0.00402096632398,-0.00683405306484,-0.00201250825673,0.0125169594704,0.287077474297,0.0096004355244
native-l6,25,-0.014583012146,-0.00457371762275,-0.00731828471863,-0.00228947966995,0.0119133391191,0.28112642146,0.0100092945233
native-l6,26,-0.0159328398575,-0.00478952484205,-0.00799840718751,-0.00239763675202,0.0124530994213,0.274979531331,0.0111433150154
native-l6,27,-0.0171546672703,-0.00519735058,-0.00861443790534,-0.00260206064981,0.0124332262272,0.269543544386,0.0119573166903
native-l6,28,-0.0184203349788,-0.00562085799478,-0.00925297627435,-0.00281438939121,0.012420363788,0.264458691093,0.012799476984
native-l6,29,-0.0197296620903,-0.00606003398603,-0.00991397449023,-0.00303462145671,0.0124139042293,0.259689223313,0.0136696281042
native-l6,30,-0.0211696298946,-0.00642073422319,-0.0106414350169,-0.00321553695054,0.0132001139086,0.253831247514,0.0147488956715
native-l6,31,-0.0224785432906,-0.00698533456231,-0.0113031522709,-0.00349878804003,0.0124182385043,0.250976444939,0.0154932087282
native-l6,32,-0.0239177079372,-0.0074714282192,-0.0120312292067,-0.00374271807891,0.0124282401753,0.24698248735,0.016446279718
native-l6,33,-0.0253997531141,-0.00797312863876,-0.012781560704,-0.00399454250429,0.0124430339517,0.243201487105,0.0174266244753
native-l6,34,-0.0269244703061,-0.00849041810733,-0.0135540918561,-0.00425425841098,0.0124623544146,0.239615093789,0.0184340521988
native-l6,35,-0.0282930606903,-0.00923069694764,-0.0142480335755,-0.00462604863681,0.0121758170319,0.237057989225,0.0190623637427
native-l6,36,-0.030101059227,-0.00957168917976,-0.015165526206,-0.00479735188242,0.0125136920799,0.232962849473,0.0205293700472
native-l6,37,-0.0317524865377,-0.0101356313046,-0.0160043122745,-0.00508072252297,0.0125453397199,0.229869592882,0.0216168552331
native-l6,38,-0.0334456970756,-0.0107150835857,-0.016865063725,-0.00537197082812,0.012580765881,0.226915682632,0.0227306134899
native-l6,39,-0.0351804550824,-0.0113100244523,-0.0177477182935,-0.00567109287335,0.012619838889,0.22409069968,0.0238704306301
native-l6,40,-0.0369637767677,-0.0118932981246,-0.0186559098704,-0.00596443631256,0.013206237134,0.221196802749,0.0250704786431
native-l6,41,-0.0387736436746,-0.0125462822604,-0.0195784802824,-0.00629294168773,0.0127084742016,0.218790823451,0.0262273614143
native-l6,42,-0.0406315760543,-0.013187552724,-0.0205264557193,-0.00661565983955,0.0127578418576,0.216299719428,0.0274440233303
native-l6,43,-0.0425300595665,-0.0138442188526,-0.0214960703025,-0.00694623451327,0.0128104633601,0.213904922841,0.0286858407139
native-l6,44,-0.0444688319902,-0.014516255845,-0.022487254298,-0.00728466106592,0.0128662645072,0.211600041402,0.0299525761452
native-l6,45,-0.0462245924939,-0.0154452543748,-0.0233857427284,-0.0077526792048,0.012518898573,0.209641804727,0.0307793381192
native-l6,46,-0.0484661688701,-0.0159063402159,-0.0245340440949,-0.00798505062468,0.0129871418901,0.207237152161,0.0325598286542
native-l6,47,-0.0505241832032,-0.0166243350196,-0.0255895029317,-0.00834700374557,0.0130520996528,0.205168887061,0.0338998481836
native-l6,48,-0.0526213862959,-0.0173575955525,-0.0266662372526,-0.0087167889813,0.0131199984171,0.203169925811,0.0352637907435
native-l6,49,-0.0547574905295,-0.0181060940862,-0.0277641698279,-0.00909440110888,0.0131907887802,0.20123611121,0.0366513964433
native-l6,50,-0.0570406981796,-0.0187400969286,-0.0289390843925,-0.00941436358514,0.013791544245,0.199403302409,0.038300601251
native-l6,51,-0.0591452273348,-0.0196486914133,-0.0300233133393,-0.0098730846065,0.0133408601025,0.197548867535,0.0394965359214
native-l6,52,-0.061396260218,-0.0204427319313,-0.0311843623361,-0.0102741449933,0.0134200542147,0.195788609837,0.0409535282867
native-l6,53,-0.0636849949741,-0.0212518939053,-0.0323662857124,-0.0106830103073,0.0135019654137,0.194079790221,0.0424331010687
native-l6,54,-0.0660111198601,-0.022076146807,-0.0335689987692,-0.0110996747938,0.0135865537844,0.19241958244,0.0439349730531
native-l6,55,-0.0681234137364,-0.0231955733531,-0.0346624495734,-0.0116658325005,0.013248061394,0.191016804247,0.0449278403833
native-l6,56,-0.0707742698234,-0.0237698005192,-0.0360364476928,-0.011956377744,0.0137636063745,0.189234672022,0.0470044693041
native-l6,57,-0.0732106483658,-0.0246391375187,-0.0373010067346,-0.0123964041776,0.0138559940609,0.187705241862,0.0485715108471
native-l6,58,-0.0756831240893,-0.0255234378265,-0.0385860018126,-0.0128442057236,0.0139509054646,0.186214939318,0.0501596862629
native-l6,59,-0.078191362565,-0.0264226681697,-0.0398913408187,-0.0132997761071,0.0140483027947,0.184761775185,0.0517686943953
native-l6,60,-0.0807712224783,-0.0272777145888,-0.0412358071341,-0.0137331570963,0.014653391946,0.183241738133,0.0534935078895
native-l6,61,-0.0833137683612,-0.0282657831503,-0.0425626748247,-0.0142341977682,0.0142504036331,0.181959537092,0.0550479852109
native-l6,62,-0.0859272453215,-0.0292095985249,-0.0439284782619,-0.0147130359763,0.0143550308156,0.180607087005,0.0567176467965
native-l6,63,-0.088575104445,-0.0301682054125,-0.0453142425096,-0.015199616883,0.0144619911094,0.179285005549,0.0584068990325
native-l6,64,-0.0912569901946,-0.0311415678313,-0.0467198681366,-0.015693933693,0.0145712454843,0.177991853033,0.0601154223633
native-l6,65,-0.0937327930529,-0.0324181942866,-0.0480193242785,-0.0163426380526,0.0142754906674,0.17670475343,0.0613145987663
native-l6,66,-0.0967213993845,-0.0331324126478,-0.0495902985473,-0.0167057473207,0.0147964781002,0.175487000936,0.0635889867367
native-l6,67,-0.0995031919196,-0.0341498203987,-0.0510548972251,-0.0172232300256,0.0149123759256,0.174272828534,0.0653533715209
native-l6,68,-0.10231754941,-0.03518183439,-0.0525389450803,-0.0177484204085,0.0150304069571,0.173082628429,0.0671357150204
native-l6,69,-0.10516409691,-0.0362284159653,-0.0540423354661,-0.0182813111513,0.0151505296752,0.171915334396,0.0689356809443
native-l6,70,-0.108175631855,-0.0371153662994,-0.0556354686111,-0.0187331485775,0.0157468403203,0.170762199251,0.0710602655553
native-l6,71,-0.110952243873,-0.038365124591,-0.0571067101058,-0.0193701639206,0.0153968814038,0.169645494208,0.0725871192816
native-l6,72,-0.11389307539,-0.0394551716826,-0.0586674739445,-0.0199261107868,0.0155230246967,0.168541098341,0.0744379037073
native-l6,73,-0.116864561171,-0.0405596264438,-0.060247139494,-0.0204897276924,0.0156510882586,0.167455901971,0.076304934727
native-l6,74,-0.11986630866,-0.0416784475823,-0.0618455930178,-0.0210610067948,0.0157810279428,0.166389100094,0.0781878610776
native-l6,75,-0.122628886578,-0.0431502827975,-0.0633190973323,-0.0218130458841,0.0155337664126,0.165365224098,0.0794786037802
native-l6,76,-0.125959002132,-0.0439590212133,-0.0650984020398,-0.0222265196955,0.0160463566779,0.164307669342,0.0819999809183
native-l6,77,-0.129049146823,-0.0451206885183,-0.0667525230804,-0.0228207372842,0.0161816550833,0.163291632118,0.083928458305
native-l6,78,-0.132167950796,-0.0462965518294,-0.0684249631918,-0.0234225846506,0.0163186483656,0.162291167897,0.0858713989664
native-l6,79,-0.135315005777,-0.0474865672629,-0.0701156016885,-0.0240320534274,0.0164572901622,0.161305658917,0.087828438514
native-l6,80,-0.138489995534,-0.0486612320124,-0.0718243676622,-0.0246340338173,0.0170244565309,0.160479744402,0.089828763522
native-l6,81,-0.141692221207,-0.0499088764023,-0.0735509842451,-0.0252738212207,0.0167393320212,0.159377188025,0.0917833448044
native-l6,82,-0.14492155088,-0.0511410797869,-0.0752954801017,-0.0259061029792,0.0168826376133,0.158433137593,0.0937804710927
native-l6,83,-0.14817747017,-0.0523872546554,-0.0770576779503,-0.0265459716327,0.0170274028335,0.157501862068,0.0957902155142
native-l6,84,-0.151459557053,-0.0536473545829,-0.0788374503122,-0.0271934182906,0.0171735797376,0.156582880785,0.0978122024697
native-l6,85,-0.154478207412,-0.0553119856197,-0.080477410507,-0.0280493765729,0.0168799210727,0.155638158514,0.0991662217924
native-l6,86,-0.158100533039,-0.0562091414078,-0.0824492019724,-0.0285110095363,0.0174699756776,0.154779991294,0.101891391631
native-l6,87,-0.161458565876,-0.057510732955,-0.0842809196463,-0.0291811358214,0.0176200977632,0.153895230997,0.103947832921
native-l6,88,-0.164841053938,-0.0588260588652,-0.086129688598,-0.029858803506,0.0177714376856,0.153021058451,0.106014995073
native-l6,89,-0.168247563475,-0.0601550702268,-0.0879953747238,-0.0305440031785,0.0179239465987,0.152157095273,0.108092493248
native-l6,90,-0.171822625808,-0.0612762321201,-0.0899574877004,-0.0311224185275,0.0185346918436,0.151506500941,0.110546393687
native-l6,91,-0.175130901567,-0.0628539512084,-0.0917769555705,-0.0319369603215,0.0182322755269,0.150458368758,0.112276950359
native-l6,92,-0.178606852468,-0.064223720563,-0.0936925755945,-0.0326446984499,0.0183879974377,0.14962293124,0.114383131905
native-l6,93,-0.182105069699,-0.0656069748427,-0.0956245634135,-0.0333599298822,0.0185446921783,0.148796353067,0.116498094856
native-l6,94,-0.185625109858,-0.0670036627084,-0.0975727784791,-0.0340826446887,0.0187023106327,0.147978333455,0.11862144715
native-l6,95,-0.188846892183,-0.0688802732343,-0.0993596123773,-0.0350545472589,0.0184097848721,0.147041702331,0.119966618948
native-l6,96,-0.192728877035,-0.0698371314513,-0.101517321834,-0.0355504841887,0.0190201223143,0.146366832127,0.122891745584
native-l6,97,-0.19631170919,-0.0712738072689,-0.103513362726,-0.036295588507,0.0191802174671,0.145572812246,0.125037901921
native-l6,98,-0.199914574715,-0.0727237065583,-0.105525056089,-0.0370481354493,0.0193410402248,0.144786273383,0.127190868157
native-l6,99,-0.203537022659,-0.0741867756146,-0.10755225512,-0.037808114571,0.0195025417485,0.144006974523,0.129350247045
native-l6,100,-0.207237078787,-0.0755424850664,-0.109627650243,-0.0385128628351,0.0201246334278,0.143484470475,0.131694593721
native-l7,1,-9.93596694177e-06,0.000100126667472,-4.9679958114e-06,5.00620806303e-05,0.00867503718078,3.10411780102,0.000110062634414
native-l7,2,-3.19098787734e-05,0.000127323212519,-1.59550666688e-05,6.36595799886e-05,0.0467956449907,2.07368042218,0.000159233091293
native-l7,3,-6.48095037251e-05,0.000132373388616,-3.24052769135e-05,6.61845041139e-05,0.0368555103065,1.56369691452,0.000197182892342
native-l7,4,-0.000109245885642,0.000122675652208,-5.46244347355e-05,6.1335945055e-05,0.0287726368905,1.24477404646,0.00023192153785
native-l7,5,-0.000143948269467,4.09818223612e-05,-7.19767250579e-05,2.04907012462e-05,0.0273386435276,0.875992386633,0.000184930091828
native-l7,6,-0.000232833435408,8.94826993725e-05,-0.000116423494919,4.47403488368e-05,0.0201839756142,0.90175733186,0.00032231613478
native-l7,7,-0.000311965131828,6.71405644954e-05,-0.000155994733092,3.35697187848e-05,0.0177326993605,0.799606493657,0.000379105696323
native-l7,8,-0.00040265747446,4.07693746238e-05,-0.000201349007942,2.03844795483e-05,0.0159270288026,0.721158617051,0.000443426849084
native-l7,9,-0.000504915023327,1.03107608709e-05,-0.000252489387109,5.15536714651e-06,0.0145692678784,0.658811250411,0.000515225784198
native-l7,10,-0.000622539549142,1.14979884991e-06,-0.000311318234093,5.74899259753e-07,0.016466550737,0.627602008582,0.000623689347992
native-l7,11,-0.000744132771244,-6.28605984169e-05,-0.000372135628085,-3.14307931558e-05,0.0127304113938,0.565765508042,0.000681272172827
native-l7,12,-0.000881089892369,-0.00010553108104,-0.000440642028883,-5.27669326946e-05,0.0121003253231,0.53012932339,0.000775558811329
native-l7,13,-0.00102960683689,-0.000152227216555,-0.000514935997988,-7.61165051388e-05,0.0115981626785,0.499671825203,0.000877379620339
native-l7,14,-0.00118967733946,-0.000202929601419,-0.000595015691566,-0.000101469948785,0.0111919536842,0.473358883711,0.00098674773804
native-l7,15,-0.00132129852594,-0.000302489514594,-0.000660867635985,-0.000151256196515,0.0106122293631,0.450270294048,0.00101880901135
native-l7,16,-0.00154444853217,-0.000316295461449,-0.000772522661715,-0.000158160238055,0.0105811826235,0.430240498718,0.00122815307072
native-l7,17,-0.00173913204117,-0.000378938995956,-0.000869944422234,-0.000189487450725,0.0103474724868,0.412373743814,0.00136019304521
native-l7,18,-0.00194533510168,-0.00044554768403,-0.000973141052592,-0.000222798661637,0.0101483257785,0.396444812012,0.00149978741764
native-l7,19,-0.00216304789521,-0.000516117692738,-0.00108210942801,-0.000258092152149,0.00997693340061,0.382157959266,0.00164693020247
native-l7,20,-0.00239557825853,-0.000580863440297,-0.00119850733919,-0.000290473907694,0.0110844074774,0.370137138784,0.00181471481823
native-l7,21,-0.00263296179108,-0.000669133101411,-0.00131734859921,-0.000334622536827,0.0096980201912,0.3575949164,0.00196382868967
native-l7,22,-0.00288514175162,-0.000751576404287,-0.00144361288489,-0.000375858837076,0.00958349525191,0.346960530092,0.00213356534733
native-l7,23,-0.00314878919925,-0.000837976242456,-0.00157563591389,-0.000419075933547,0.00948216507297,0.337235556961,0.00231081295679
native-l7,24,-0.00342389293295,-0.00092833255337,-0.00171341436086,-0.000464274051883,0.00939211320187,0.328307192523,0.00249556037958
native-l7,25,-0.00366716609599,-0.00106669802098,-0.00183526715075,-0.000533491316981,0.00870568104977,0.320092160132,0.00260046807501
native-l7,26,-0.00400842320267,-0.00112091473265,-0.00200622406884,-0.00056061451064,0.00923994763819,0.312474345531,0.00288750847002
native-l7,27,-0.00431782606599,-0.00122314061906,-0.0021612485306,-0.000611757433107,0.00917553353673,0.305420389825,0.00309468544693
native-l7,28,-0.00463863785353,-0.00132932291517,-0.00232201480314,-0.000664882491948,0.0091176859887,0.298859443672,0.00330931493836
native-l7,29,-0.00497084604607,-0.00143946138944,-0.00248851938741,-0.000719989887441,0.00906567712618,0.292740602336,0.00353138465663
native-l7,30,-0.00533643303883,-0.00153050360417,-0.00267178573893,-0.000765544831529,0.00991184774673,0.285656037653,0.00380592943466
native-l7,31,-0.00566940011415,-0.00167160531283,-0.00283872924895,-0.000836152231693,0.00897679864585,0.281658471801,0.00399779480132
native-l7,32,-0.00603571947116,-0.00179360966486,-0.00302242726888,-0.000897207322919,0.00893895019532,0.276623167735,0.0042421098063
native-l7,33,-0.00641338218091,-0.00191956801035,-0.00321184907771,-0.000960245040446,0.00890495387896,0.271884320929,0.00449381417056
native-l7,34,-0.00680237419857,-0.00204947950881,-0.00340699089276,-0.00102526533891,0.00887447006289,0.267415896199,0.00475289468976
native-l7,35,-0.00715259367163,-0.00223361947061,-0.00358271475834,-0.00111743406475,0.00857145874923,0.264092113024,0.00491897420102
native-l7,36,-0.0076142883456,-0.00232115810004,-0.00381441906922,-0.00116125330464,0.00882289080554,0.259200663165,0.00529313024556
native-l7,37,-0.00803718073744,-0.00246292303469,-0.00402669751516,-0.00123222070127,0.00880130698099,0.255415092658,0.00557425770275
native-l7,38,-0.00847134295344,-0.00260863682184,-0.00424468013143,-0.00130517014547,0.00878224908179,0.251821776953,0.00586270613161
native-l7,39,-0.00891675927465,-0.00275829819089,-0.00446836277025,-0.00138010143543,0.00876553848376,0.248406038253,0.00615846108377
native-l7,40,-0.00937533763403,-0.00290510599301,-0.00469870774425,-0.00145360948678,0.00936929847363,0.244898118264,0.00647023164102
native-l7,41,-0.00984128962328,-0.00306945827259,-0.00493281112444,-0.00153590864398,0.00873854233814,0.242055716143,0.00677183135069
native-l7,42,-0.0103203704713,-0.00323095413937,-0.0051735681393,-0.00161678406504,0.00872798979413,0.239098400057,0.00708941633195
native-l7,43,-0.0108106390613,-0.00339639190462,-0.00542000777279,-0.00169964034096,0.00871924648461,0.236272910172,0.00741424715671
native-l7,44,-0.0113120779195,-0.00356577001818,-0.00567212546338,-0.00178447718851,0.00871221168878,0.233570327528,0.0077463079013
native-l7,45,-0.0117679830151,-0.0037967330683,-0.00590140479686,-0.0019001718607,0.008405310813,0.231280600076,0.00797124994684
native-l7,46,-0.01234839476,-0.00391634086416,-0.0061933763352,-0.00196009141125,0.00870291552628,0.228502052651,0.00843205389582
native-l7,47,-0.0128832360061,-0.00409753027702,-0.00646249995589,-0.00205086816863,0.00870050006958,0.226122121831,0.00878570572909
native-l7,48,-0.0134291740459,-0.00428265340233,-0.00673728251075,-0.00214362426366,0.00869948301112,0.223836481645,0.00914652064355
native-l7,49,-0.0139861896107,-0.00447170848056,-0.00701771899532,-0.00223835936661,0.0086998051314,0.2216393912,0.00951448113018
native-l7,50,-0.0145822017614,-0.00463408131192,-0.00731787653921,-0.00231973123245,0.00919686452503,0.219429827103,0.00994812044947
native-l7,51,-0.0151333744339,-0.00486160726833,-0.00759553327984,-0.00243376524079,0.00870425836478,0.217490121836,0.0102717671655
native-l7,52,-0.015723503346,-0.00506244727155,-0.00789290061302,-0.00253443531696,0.00870829762569,0.215528559482,0.0106610560744
native-l7,53,-0.0163246290902,-0.00526721181596,-0.00819590094123,-0.00263708301138,0.00871349135344,0.213636706232,0.0110574172743
native-l7,54,-0.0169367305872,-0.00547589895772,-0.00850452879864,-0.00274170796013,0.00871980387443,0.211810696978,0.0114608316295
native-l7,55,-0.0174956450654,-0.00575330447076,-0.00878642314855,-0.00288080174473,0.00847310196228,0.210372835996,0.0117423405946
native-l7,56,-0.0181937747076,-0.00590503307915,-0.00913864476791,-0.00295688813329,0.00873565918134,0.208342114263,0.0122887416285
native-l7,57,-0.0188386733587,-0.00612547599274,-0.00946412147703,-0.00306744259842,0.00874514623988,0.206693103801,0.012713197366
native-l7,58,-0.0194944598181,-0.00634983337167,-0.00979520290909,-0.00317997279934,0.00875564007475,0.205097021668,0.0131446264465
native-l7,59,-0.020161111194,-0.00657810309418,-0.0101318831248,-0.00329447834086,0.00876711893924,0.203551170397,0.0135830080998
native-l7,60,-0.0208482322599,-0.00679637732353,-0.0104790210713,-0.00340398220921,0.00919991785274,0.201790038718,0.0140518549364
native-l7,61,-0.0215269153197,-0.00704637090532,-0.0108220156715,-0.00352941383367,0.00879295476277,0.200600245623,0.0144805444144
native-l7,62,-0.0222260204793,-0.00728636457288,-0.0111754556441,-0.00364984296327,0.00880727766298,0.199190610415,0.0149396559065
native-l7,63,-0.0229358953759,-0.00753026174175,-0.0115344696834,-0.00377224579003,0.00882251714504,0.197822057846,0.0154056336342
native-l7,64,-0.0236565153143,-0.00777806011238,-0.0118990513689,-0.00389662188726,0.00883865990148,0.196492648955,0.0158784552019
native-l7,65,-0.0243260763735,-0.0080943774834,-0.0122379215487,-0.00405541192464,0.00863839652919,0.195299141864,0.0162316988902
native-l7,66,-0.025129889742,-0.00828535108219,-0.0126448915117,-0.00415129215437,0.00887360810893,0.193944088779,0.0168445386598
native-l7,67,-0.0258825930496,-0.00854483890361,-0.0130261366427,-0.00428158543874,0.00889239270588,0.19272161623,0.017337754146
native-l7,68,-0.0266459390374,-0.00880821837115,-0.0134129227673,-0.00441385022247,0.008912038665,0.1915316294,0.0178377206662
native-l7,69,-0.0274199012236,-0.0090754870063,-0.0138052429787,-0.00454808604649,0.00893253782763,0.190372699547,0.0183444142173
native-l7,70,-0.0282390092622,-0.0093079847847,-0.0142206176138,-0.00466487291199,0.00928518792771,0.18904975606,0.0189310244775
native-l7,71,-0.0289995664935,-0.00962168168574,-0.0146064575478,-0.00482246894624,0.00897606682342,0.188142695574,0.0193778848077
native-l7,72,-0.0298052148447,-0.00990060259328,-0.0150153376041,-0.00496261507081,0.00899908381964,0.187069147258,0.0199046122515
native-l7,73,-0.0306213699322,-0.0101834023948,-0.0154297231442,-0.00510473033329,0.00902292821632,0.186021697585,0.0204379675374
native-l7,74,-0.0314480035113,-0.0104700784319,-0.0158496067731,-0.00524881424144,0.00904759494591,0.184999271182,0.0209779250794
native-l7,75,-0.0322158975962,-0.0108334852732,-0.016239814587,-0.00543149319576,0.00891057579719,0.184146833283,0.021382412323
native-l7,76,-0.0331325914218,-0.011055048399,-0.0167058382263,-0.00554288599208,0.00909937729504,0.183025468343,0.0220775430228
native-l7,77,-0.0339904875228,-0.0113533368319,-0.0171421707708,-0.00569287281642,0.00912648480099,0.182072211934,0.0226371506909
native-l7,78,-0.0348587456572,-0.0116554905062,-0.0175839708439,-0.00584482625004,0.00915439832762,0.181140212243,0.023203255151
native-l7,79,-0.0357373358463,-0.0119615065831,-0.0180312305609,-0.00599874576694,0.00918311457414,0.180228644799,0.0237758292632
native-l7,80,-0.0366270019856,-0.0122641313648,-0.0184843363377,-0.00615098297818,0.0095008066859,0.179289348546,0.0243628706208
native-l7,81,-0.0375253907612,-0.01258511441,-0.018942096898,-0.00631248091261,0.00924294317999,0.178463711723,0.0249402763512
native-l7,82,-0.0384347938203,-0.0129027003023,-0.0194056872592,-0.00647229545539,0.00927405000132,0.17760889273,0.025532093518
native-l7,83,-0.039354405604,-0.0132241368822,-0.0198747047464,-0.00663407390942,0.009305948411,0.176771594756,0.0261302687218
native-l7,84,-0.0402841944325,-0.0135494211309,-0.0203491409857,-0.00679781571468,0.00933863600377,0.175951175366,0.0267347733017
native-l7,85,-0.0411496413322,-0.013958424801,-0.0207909525194,-0.00700373857751,0.00917991529309,0.175276658485,0.0271912165312
native-l7,86,-0.042174174828,-0.0142115203797,-0.0213142357365,-0.0071311871046,0.00940636960867,0.174358551753,0.0279626544483
native-l7,87,-0.0431343013623,-0.0145483291626,-0.0218048770119,-0.00730081553502,0.00944141124082,0.173585206702,0.0285859721998
native-l7,88,-0.0441044748794,-0.0148889731799,-0.0223009025673,-0.00747240500825,0.00947723325879,0.172826455438,0.0292155016995
native-l7,89,-0.0450846620354,-0.0152334492334,-0.0228023035411,-0.00764595493008,0.00951383357654,0.172081790123,0.029851212802
native-l7,90,-0.0461129256399,-0.015537125087,-0.0233285740024,-0.00779897454549,0.00981356421983,0.171330633044,0.0305758005529
native-l7,91,-0.0470749422501,-0.0159338844768,-0.02382119581,-0.00799893370866,0.00958936082147,0.170632797561,0.0311410577733
native-l7,92,-0.0480849669871,-0.0162898370916,-0.0243386688953,-0.00817836134293,0.0096282835904,0.169927562577,0.0317951298955
native-l7,93,-0.0491048687228,-0.016649608592,-0.0248614809796,-0.00835974698079,0.00966797631906,0.169234595836,0.0324552601308
native-l7,94,-0.0501346124894,-0.0170131956012,-0.0253896227155,-0.00854308999392,0.00970843686357,0.16855349072,0.0331214168882
native-l7,95,-0.0510925929775,-0.0174694103362,-0.0258812151372,-0.00877318959596,0.00955767388542,0.167914061373,0.0336231826413
native-l7,96,-0.0522234846456,-0.0177518024611,-0.0264618572679,-0.00891564559876,0.00979165259587,0.167225323653,0.0344716821846
native-l7,97,-0.0532825415073,-0.0181268153804,-0.0270059309057,-0.00910485689976,0.00983440324296,0.166577530608,0.035155726127
native-l7,98,-0.0543512973473,-0.0185056299459,-0.027555295838,-0.0092960229947,0.00987791260954,0.165940135383,0.0358456674014
native-l7,99,-0.0554297156161,-0.0188882426034,-0.0281099422342,-0.00948914322123,0.00992217825467,0.165312808637,0.0365414730127
native-l7,100,-0.0565341252476,-0.0192511441667,-0.0286782846284,-0.00967234925341,0.0102297082254,0.164708543205,0.0372829810809
native-l8,1,-2.48461688335e-06,5.09491442655e-05,-1.24230921339e-06,2.54742476642e-05,0.00613445303997,4.37157450978,5.34337611489e-05
native-l8,2,-7.97922969775e-06,6.63880897824e-05,-3.98962280745e-06,3.31934939872e-05,0.0464344039572,2.91750562969,7.43673194801e-05
native-l8,3,-1.62060367247e-05,7.12472793711e-05,-8.10305119203e-06,3.56230051863e-05,0.0364026236427,2.18398010658,8.74533160959e-05
native-l8,4,-2.73183073567e-05,6.94585733283e-05,-1.36592469658e-05,3.47286836233e-05,0.0281553165812,1.7227084672,9.6776880685e-05
native-l8,5,-3.59987193544e-05,3.63221016229e-05,-1.79995216686e-05,1.81608859025e-05,0.0265909599369,1.18273127947,7.23208209772e-05
native-l8,6,-5.82252502089e-05,6.12855676418e-05,-2.91130488893e-05,3.06423143452e-05,0.0192932305153,1.22075996618,0.000119510817851
native-l8,7,-7.80157835409e-05,5.57097685481e-05,-3.9008652608e-05,2.78544963375e-05,0.0167278396725,1.07100073584,0.000133725552089
native-l8,8,-0.000100698867369,4.9121312319e-05,-5.03507012811e-05,2.45603545541e-05,0.0148186402979,0.956436904423,0.000149820179688
native-l8,9,-0.000126276238754,4.15071683713e-05,-6.31401127137e-05,2.07533688346e-05,0.0133674850012,0.865832718921,0.000167783407125
native-l8,10,-0.00015569801839,4.38957680962e-05,-7.78520396649e-05,2.19476431986e-05,0.0154570180584,0.825687529951,0.000199593786486
native-l8,11,-0.000186118379991,2.32079246292e-05,-9.30635204049e-05,1.16038949893e-05,0.0113711865001,0.731542695399,0.00020932630462
native-l8,12,-0.00022038396323,1.25349157423e-05,-0.00011019805342,6.26743823084e-06,0.0106756293777,0.680425343966,0.000232918878972
native-l8,13,-0.000257545652062,8.54688599672e-07,-0.000128781118319,4.27344208465e-07,0.0101154251262,0.636873532676,0.000258400340661
native-l8,14,-0.00029760286126,-1.18276303572e-05,-0.000148812503211,-5.91383266535e-06,0.00965746863687,0.59934679429,0.000285775230903
native-l8,15,-0.000330553100424,-3.80702930591e-05,-0.000165290210639,-1.90353277014e-05,0.00897576270946,0.56314958297,0.000292482807365
native-l8,16,-0.000386400517174,-4.01835847251e-05,-0.000193218925363,-2.00919942067e-05,0.00895802684314,0.538044556524,0.000346216932449
native-l8,17,-0.000435139003899,-5.5852153361e-05,-0.000217593175344,-2.79264666243e-05,0.00868573205384,0.512713291696,0.000379286850538
native-l8,18,-0.000486769179865,-7.25123373968e-05,-0.000243414215172,-3.62568259771e-05,0.00845097486042,0.490166311037,0.000414256842468
native-l8,19,-0.000541289944296,-9.01632501283e-05,-0.000270681606414,-4.50826412864e-05,0.00824646102063,0.469975822503,0.000451126694168
native-l8,20,-0.000599528058936,-0.000105639817214,-0.000299808972178,-5.28213036519e-05,0.00958517665511,0.45400721639,0.000493888241722
native-l8,21,-0.000658998804226,-0.000128435533649,-0.000329553704935,-6.42198289178e-05,0.00790731010277,0.435345356236,0.000530563270577
native-l8,22,-0.000722184694978,-0.000149056636164,-0.000361157564882,-7.45310955242e-05,0.00776511601049,0.420390859207,0.000573128058813
native-l8,23,-0.000788256774165,-0.000170667775964,-0.000394206086302,-8.53375292291e-05,0.00763746723462,0.406739660262,0.0006175889982
native-l8,24,-0.00085721396853,-0.000193269099864,-0.000428698875628,-9.66392195013e-05,0.00752228151889,0.394230165292,0.000663944868666
native-l8,25,-0.000918218366186,-0.000228145188042,-0.000459214622128,-0.000114079101042,0.00669389465689,0.382212293055,0.000690073178144
native-l8,26,-0.00100377946989,-0.000241443035109,-0.000502015744851,-0.000120728805277,0.00732286455437,0.372112106116,0.000762336434784
native-l8,27,-0.00108138568559,-0.000267016023298,-0.00054083909626,-0.000133516925034,0.0072361095354,0.362289354211,0.000814369662294
native-l8,28,-0.0011618728296,-0.000293579923053,-0.000581105256458,-0.000146800736754,0.00715665120123,0.353173249225,0.000868292906544
native-l8,29,-0.00124523987147,-0.000321134881914,-0.000622813884305,-0.000160580333979,0.00708367967099,0.344690733999,0.000924104989561
native-l8,30,-0.00133699914106,-0.000343952462626,-0.000668723165868,-0.000171991021769,0.00808229510235,0.33555468919,0.000993046678438
native-l8,31,-0.00142060953413,-0.000379218443453,-0.000710557212842,-0.000189627200964,0.00695453051402,0.329381185734,0.00104139109068
native-l8,32,-0.00151261009438,-0.000409747216801,-0.000756591262361,-0.000204894599299,0.00689724472661,0.322450622881,0.00110286287758
native-l8,33,-0.00160748642736,-0.00044126739269,-0.000804066475131,-0.000220658041331,0.00684419876914,0.315944289342,0.00116621903467
native-l8,34,-0.00170523749073,-0.000473778999635,-0.00085298253497,-0.000236917564784,0.0067950002287,0.309824706762,0.0012314584911
native-l8,35,-0.0017933127883,-0.000519708446424,-0.000897058751353,-0.000259887994097,0.00640655250807,0.304938792278,0.00127360434188
native-l8,36,-0.00190935959812,-0.00054177652685,-0.000955135941391,-0.000270924963593,0.00670680359975,0.298616691983,0.00136758307127
native-l8,37,-0.00201572851201,-0.000577262416509,-0.00100837266372,-0.000288672874269,0.00666722889375,0.293472427479,0.0014384660955
native-l8,38,-0.00212496789351,-0.000613739679934,-0.00106304898333,-0.000306916938971,0.00663033795512,0.288602331189,0.00151122821358
native-l8,39,-0.00223707664724,-0.000651208269672,-0.00111916458831,-0.000325657161129,0.00659591485817,0.283985263442,0.00158586837756
native-l8,40,-0.00235253980506,-0.000687949245823,-0.00117696252292,-0.00034403380254,0.00734974707017,0.279376335676,0.00166459055923
native-l8,41,-0.00246989781899,-0.000729119189923,-0.00123571240207,-0.000364626071047,0.00653371746519,0.275435954151,0.00174077862907
native-l8,42,-0.0025906079729,-0.000769561380955,-0.00129614398106,-0.000384854747066,0.00650561236595,0.271470996168,0.00182104659194
native-l8,43,-0.00271418296926,-0.000810994621459,-0.00135801358508,-0.000405579558119,0.00647930910114,0.267693223058,0.0019031883478
native-l8,44,-0.0028406216348,-0.000853418825782,-0.00142132089394,-0.000426800492221,0.00645467946129,0.264089814752,0.00198720280902
native-l8,45,-0.00295568528821,-0.000911123101284,-0.00147893627035,-0.000455665366105,0.00609574544756,0.260886332296,0.00204456218693
native-l8,46,-0.00310208519179,-0.000941239758856,-0.00155224733179,-0.000470730673111,0.00640998651561,0.257360373178,0.00216084543294
native-l8,47,-0.00323710764654,-0.00098663629352,-0.00161986580588,-0.000493439888221,0.00638972131653,0.254213906126,0.00225047135302
native-l8,48,-0.00337498889613,-0.00103302340466,-0.00168892067459,-0.000516645163442,0.00637072382019,0.251200734516,0.00234196549147
native-l8,49,-0.0035157276743,-0.00108040098642,-0.00175941160174,-0.000540346480367,0.0063529138836,0.248312634981,0.00243532668789
native-l8,50,-0.00366636424583,-0.00112120701173,-0.0018348654886,-0.000560760732163,0.00693995622903,0.245434769268,0.00254515723411
native-l8,51,-0.00380577265146,-0.00117812712343,-0.00190470026728,-0.000589237161932,0.00632056956134,0.242881976244,0.00262764552803
native-l8,52,-0.00395507621705,-0.00122847545262,-0.00197949731333,-0.000614426486262,0.00630590638201,0.240326002901,0.00272660076443
native-l8,53,-0.00410723204377,-0.00127981380054,-0.00205572903281,-0.000640111771808,0.00629217203997,0.237868166325,0.00282741824323
native-l8,54,-0.0042622387626,-0.00133214204781,-0.00213339506856,-0.000666292997083,0.00627931446527,0.235502952828,0.00293009671479
native-l8,55,-0.00440395182749,-0.0014013516602,-0.0022044056158,-0.000700921475559,0.00600583974558,0.233564524635,0.00300260016728
native-l8,56,-0.00458079929315,-0.00143976775094,-0.00229302863674,-0.000720143178571,0.00625604155627,0.231030307733,0.00314103154221
native-l8,57,-0.00474435025876,-0.00149506495625,-0.00237499543103,-0.000747812089586,0.00624554120837,0.228913713115,0.0032492853025
native-l8,58,-0.00491074642384,-0.00155135155984,-0.00245839506507,-0.000775976849954,0.00623574696157,0.226871355095,0.003359394864
native-l8,59,-0.00507998631,-0.00160862743071,-0.00254322715719,-0.000804637436056,0.00622662394713,0.224899402179,0.0034713588793
native-l8,60,-0.0052545186931,-0.00166346496118,-0.00263071968959,-0.000832078658038,0.00672047541917,0.222712816711,0.00359105373192
native-l8,61,-0.00542699121966,-0.00172614643889,-0.00271718716287,-0.000863445988932,0.00621026485832,0.221152643583,0.00370084478077
native-l8,62,-0.00560475317341,-0.00178638930284,-0.00280631428664,-0.000893593906454,0.00620297112985,0.219371372226,0.00381836387057
native-l8,63,-0.00578535270852,-0.00184762088732,-0.00289687228879,-0.000924237551186,0.00619623294871,0.217647538695,0.0039377318212
native-l8,64,-0.00596878823274,-0.00190984104994,-0.0029888607607,-0.000955376897478,0.00619002639498,0.215978400611,0.0040589471828
native-l8,65,-0.00613946277203,-0.00198881027968,-0.00307445753057,-0.000994900052896,0.00597039973302,0.214472184453,0.00415065249235
native-l8,66,-0.00634416076365,-0.00203724652851,-0.00317712745125,-0.00101914259007,0.00617912077075,0.212794075586,0.00430691423514
native-l8,67,-0.00653609446954,-0.00210243154817,-0.00327340482434,-0.00105176888297,0.00617438175704,0.211274200973,0.00443366292138
native-l8,68,-0.0067308575628,-0.00216860455331,-0.00337111097601,-0.00108489077065,0.00617009425025,0.209799624186,0.00456225300949
native-l8,69,-0.00692844833429,-0.00223576538997,-0.00347024546895,-0.00111850822531,0.00616624153031,0.208368332869,0.00469268294432
native-l8,70,-0.00713761174938,-0.00229451495622,-0.0035751968911,-0.00114791633407,0.00654863542572,0.206748544423,0.00484309679316
native-l8,71,-0.00733210595712,-0.0023730499302,-0.00367279770003,-0.00118722972231,0.00615977912353,0.205628127865,0.00495905602692
native-l8,72,-0.00753816927171,-0.00244317331404,-0.00377621453396,-0.00122233370687,0.00615714130372,0.204315736366,0.00509499595767
native-l8,73,-0.00774705319088,-0.00251428388994,-0.00388105790065,-0.00125793314287,0.00615488186015,0.203039660394,0.00523276930094
native-l8,74,-0.00795875588665,-0.00258638149211,-0.00398732733296,-0.00129402800029,0.00615298894058,0.201798391414,0.00537237439454
native-l8,75,-0.00815579151019,-0.00267707593211,-0.00408624445196,-0.00133943500912,0.00600387592329,0.200763471178,0.00547871557809
native-l8,76,-0.00839061017631,-0.00273353710019,-0.00420414249522,-0.00136770385702,0.00615025907598,0.19941464093,0.00565707307612
native-l8,77,-0.0086107579944,-0.00280859476261,-0.00431468726028,-0.00140528479398,0.00614940208479,0.198269527373,0.00580216323179
native-l8,78,-0.00883371703744,-0.0028846387643,-0.0044266561611,-0.00144336102768,0.00614887142702,0.197153947217,0.00594907827314
native-l8,79,-0.00905948535742,-0.0029616689275,-0.00454004869981,-0.00148193252576,0.00614865862081,0.196066748425,0.00609781642992
native-l8,80,-0.00928830377468,-0.00303788791669,-0.00465498633623,-0.0015200993093,0.00648896652693,0.194913656288,0.00625041585798
native-l8,81,-0.00951944191581,-0.00311868701555,-0.00477110266824,-0.00156056118338,0.00614915531693,0.193973174485,0.00640075490026
native-l8,82,-0.00975362613771,-0.00319867457296,-0.00488876307104,-0.00160061827592,0.00614985043044,0.192964772415,0.00655495156474
native-l8,83,-0.00999061160359,-0.00327964755694,-0.00500784505786,-0.00164117049877,0.00615083455493,0.191980691417,0.00671096404665
native-l8,84,-0.0102303962449,-0.00336160577779,-0.00512834809955,-0.00168221781729,0.00615210159177,0.191020037224,0.00686879046709
native-l8,85,-0.0104540810286,-0.00346367954848,-0.00524077336703,-0.0017333420115,0.00599403714337,0.19023325708,0.00699040148009
native-l8,86,-0.0107183546587,-0.00352847715918,-0.00537361519952,-0.00176579760017,0.00615546192224,0.189165642941,0.00718987749955
native-l8,87,-0.0109665241736,-0.00361338992822,-0.00549837816801,-0.00180832999279,0.00615754486484,0.188270317767,0.00735313424533
native-l8,88,-0.0112174843482,-0.00369928715124,-0.00562456001175,-0.00185135733761,0.00615988997155,0.187395244745,0.00751819719695
native-l8,89,-0.0114712329934,-0.00378616862649,-0.00575216017002,-0.00189487959759,0.00616249285713,0.186539719579,0.00768506436694
native-l8,90,-0.011737498144,-0.00386335686065,-0.00588607199374,-0.00193354773374,0.00644546346976,0.185634560865,0.00787414128331
native-l8,91,-0.0119870868183,-0.00396288351483,-0.00601161315554,-0.00198340871248,0.00616845581959,0.184884652741,0.00802420330352
native-l8,92,-0.012249187499,-0.00405271651258,-0.00614346482958,-0.00202841549099,0.00617180846902,0.184083854422,0.00819647098646
native-l8,93,-0.0125140676525,-0.00414353293179,-0.00627673251174,-0.00207391703182,0.00617540401289,0.183300087488,0.00837053472067
native-l8,94,-0.012781724969,-0.00423533255881,-0.00641141560954,-0.0021199132956,0.0061792393169,0.182532790026,0.00854639241015
native-l8,95,-0.0130313985217,-0.00434912633818,-0.006537065876,-0.00217693268705,0.00604202596247,0.18185148608,0.00868227218355
native-l8,96,-0.0133253617323,-0.00442188056987,-0.00668502565013,-0.00221338983221,0.00618761768888,0.181045474846,0.00890348116244
native-l8,97,-0.0136013364398,-0.0045166285147,-0.00682395137607,-0.00226087002398,0.00619215547644,0.180324448555,0.00908470792506
native-l8,98,-0.0138800788314,-0.00461235878903,-0.00696429008391,-0.00230884477661,0.00619692243892,0.179617872296,0.00926772004242
native-l8,99,-0.0141615864777,-0.00470907116732,-0.00710604114927,-0.00235731404842,0.00620191636398,0.178925292504,0.00945251531041
native-l8,100,-0.0144501340895,-0.00480116309074,-0.00725135814219,-0.0024034698791,0.00647393189768,0.178199063902,0.00964897099874
mesquite-l6,1,-3.95584099284e-05,-4.25984626806e-06,-1.97794005765e-05,-2.12992540227e-06,0.000375739256466,0.768131546959,3.52985636604e-05
mesquite-l6,2,-0.000128234027621,-2.86920192605e-05,-6.4119069438e-05,-1.43461125357e-05,0.0238702041795,0.527595595221,9.95420083606e-05
mesquite-l6,3,-0.000260093024019,-6.63381982672e-05,-0.000130054969157,-3.31696492464e-05,0.01868047597,0.444042747106,0.000193754825752
mesquite-l6,4,-0.000438124683735,-0.000115635373738,-0.00021908634128,-5.78193584081e-05,0.0164694179895,0.405626190037,0.000322489309997
mesquite-l6,5,-0.000676172014664,-0.000138355885379,-0.000338143177737,-6.91803356488e-05,0.0156708774747,0.425013043235,0.000537816129285
mesquite-l6,6,-0.000933366050739,-0.000254736017631,-0.000466791972742,-0.000127376121154,0.0118209501683,0.3637371326,0.000678630033108
mesquite-l6,7,-0.00125072081238,-0.000346666719451,-0.000625556066384,-0.000173348384557,0.00995718750815,0.347798361147,0.000904054092925
mesquite-l6,8,-0.00161460687565,-0.000454189669818,-0.000807629570585,-0.000227120626799,0.00840243482762,0.33354528455,0.00116041720583
mesquite-l6,9,-0.00202501550796,-0.000577523435126,-0.00101302085961,-0.000288803421271,0.00711073923339,0.32067235478,0.00144749207284
mesquite-l6,10,-0.00248714542543,-0.000702169342791,-0.00124434691233,-0.000351146323266,0.00658133338056,0.315228475864,0.00178497608264
mesquite-l6,11,-0.00298524426858,-0.000871996353286,-0.00149373776054,-0.000436093265311,0.00514143029081,0.298415269537,0.00211324791529
mesquite-l6,12,-0.00353494116377,-0.00104319812305,-0.00176903532487,-0.000521735165315,0.00439257201338,0.288780323276,0.00249174304072
mesquite-l6,13,-0.00413092189664,-0.00123037942039,-0.00206759842995,-0.000615379055886,0.00376413728198,0.279995091805,0.00290054247625
mesquite-l6,14,-0.00477309535492,-0.00143352944366,-0.00238940229913,-0.000717021781947,0.00323513893339,0.271962834338,0.00333956591126
mesquite-l6,15,-0.00546325230728,-0.00164759546422,-0.00273536727069,-0.000824137333281,0.00295887344423,0.265715470896,0.00381565684306
mesquite-l6,16,-0.00619561681069,-0.0018876763466,-0.00310262153554,-0.000944284009446,0.00241107900375,0.257820627317,0.00430794046409
mesquite-l6,17,-0.00697574636229,-0.00213864176407,-0.0034939771192,-0.00106989321779,0.00209132143172,0.251566440917,0.00483710459822
mesquite-l6,18,-0.00780163292803,-0.00240551474551,-0.00390845447219,-0.00120348155668,0.00182043197639,0.245775357061,0.00539611818251
mesquite-l6,19,-0.00867315292461,-0.0026882807969,-0.004346020409,-0.00134504497144,0.00159112131589,0.240395930859,0.00598487212771
mesquite-l6,20,-0.0095908357915,-0.00298523809116,-0.00480697138269,-0.00149373466721,0.00144020605804,0.235605744665,0.00660559770034
mesquite-l6,21,-0.0105525721591,-0.00330143707336,-0.00529027960873,-0.00165208322617,0.0012345755052,0.230698761835,0.00725113508576
mesquite-l6,22,-0.0115601976124,-0.00363180077196,-0.00579690083584,-0.00181755213386,0.0010985202419,0.226308134478,0.00792839684041
mesquite-l6,23,-0.0126129089029,-0.00397800411991,-0.00632646654092,-0.00199098406874,0.000986000551539,0.222181924599,0.00863490478303
mesquite-l6,24,-0.0137105557829,-0.00434003403763,-0.00687893778399,-0.00217237662893,0.000894253229393,0.218294290197,0.00937052174531
mesquite-l6,25,-0.0148532065428,-0.00471732220314,-0.00745438721579,-0.00236144932302,0.00082354222368,0.214668764484,0.0101358843397
mesquite-l6,26,-0.0160400281045,-0.00511152015587,-0.0080524349062,-0.00255903440648,0.000763760549212,0.211146986001,0.0109285079486
mesquite-l6,27,-0.0172715256889,-0.00552094875504,-0.00867337657504,-0.00276429504106,0.000720874015055,0.207849947694,0.0117505769338
mesquite-l6,28,-0.0185473030581,-0.00594614855513,-0.00931705528869,-0.00297750705168,0.000690325098917,0.204716031224,0.012601154503
mesquite-l6,29,-0.0198671823371,-0.00638710452806,-0.00998342556154,-0.00319866800253,0.000670292389148,0.201731543985,0.0134800778091
mesquite-l6,30,-0.0212310548769,-0.00684362111635,-0.0106724783354,-0.00342768507065,0.000654925141192,0.198893965937,0.0143874337605
mesquite-l6,31,-0.0226385069633,-0.00731622192897,-0.0113840517993,-0.00366482644091,0.000655061383379,0.196163499159,0.0153222850343
mesquite-l6,32,-0.0240895683266,-0.00780435029546,-0.012118209666,-0.00390981848803,0.000656908800329,0.193559388691,0.0162852180311
mesquite-l6,33,-0.0255839636489,-0.00830816865028,-0.0128748628714,-0.00416274856294,0.000663420366765,0.191063280745,0.0172757949987
mesquite-l6,34,-0.0271214867869,-0.00882765885243,-0.0136539586874,-0.00442361360488,0.000673617150252,0.188667343493,0.0182938279345
mesquite-l6,35,-0.028701950614,-0.0093627444589,-0.0144554554025,-0.00469238145129,0.000684378793186,0.186366466464,0.0193392061551
mesquite-l6,36,-0.0303250637448,-0.0099135789238,-0.0152792597618,-0.00496913561629,0.000702070126698,0.184148384709,0.020411484821
mesquite-l6,37,-0.03199067713,-0.0104799692115,-0.0161253520544,-0.00525378573805,0.000719212626295,0.182013165231,0.0215107079185
mesquite-l6,38,-0.0336985374866,-0.0110619522089,-0.0169936610004,-0.00554635714321,0.000737759271799,0.179953572321,0.0226365852778
mesquite-l6,39,-0.0354484106705,-0.0116595064801,-0.0178841263224,-0.00584684604438,0.000757420496354,0.177964791323,0.0237889041904
mesquite-l6,40,-0.0372400650119,-0.0122725917111,-0.0187966902888,-0.00615523934124,0.00077710713224,0.176042782281,0.0249674733007
mesquite-l6,41,-0.039073231276,-0.0129012399822,-0.0197312772898,-0.00647156053899,0.000799252358322,0.174182426538,0.0261719912938
mesquite-l6,42,-0.0409476829006,-0.0135453731927,-0.0206878347026,-0.00679577789493,0.000821123732511,0.172381105239,0.0274023097079
mesquite-l6,43,-0.0428631558578,-0.0142049856277,-0.0216662920342,-0.00712789626645,0.000843489078019,0.170635047979,0.0286581702301
mesquite-l6,44,-0.0448193887647,-0.0148800527062,-0.0226665813371,-0.00746791120196,0.000866271376532,0.168941111562,0.0299393360585
mesquite-l6,45,-0.0468161174976,-0.015570543514,-0.0236886344499,-0.00781581524096,0.000889125576736,0.167296443167,0.0312455739836
mesquite-l6,46,-0.0488530623544,-0.0162764494055,-0.0247323763984,-0.00817161232675,0.000912860184822,0.165698201827,0.0325766129489
mesquite-l6,47,-0.0509299539135,-0.0169977267759,-0.0257977386156,-0.00853528896681,0.000936582483611,0.164144048931,0.0339322271376
mesquite-l6,48,-0.0530465072602,-0.0177343543135,-0.0268846457178,-0.00890684308361,0.000960547758232,0.162631619309,0.0353121529467
mesquite-l6,49,-0.0552024349072,-0.0184863044275,-0.0279930220967,-0.00928626961541,0.000984731704376,0.161158760428,0.0367161304798
mesquite-l6,50,-0.0573974452039,-0.0192535470818,-0.0291227910822,-0.00967356244612,0.00100902521978,0.159723467132,0.0381438981221
mesquite-l6,51,-0.0596312381562,-0.020036058804,-0.0302738727642,-0.0100687189527,0.00103367851457,0.158323869119,0.0395951793522
mesquite-l6,52,-0.0619035137966,-0.0208338048426,-0.0314461882769,-0.0104717309963,0.00105841010738,0.156958218922,0.0410697089541
mesquite-l6,53,-0.0642139639688,-0.0216467569765,-0.0326396555413,-0.0108825939134,0.00108329648367,0.155624882145,0.0425672069923
mesquite-l6,54,-0.0665622764907,-0.0224748846499,-0.0338541913824,-0.0113013020389,0.00110832657202,0.154322328067,0.0440873918407
mesquite-l6,55,-0.0689481346874,-0.0233181561676,-0.0350897112619,-0.0117278493085,0.00113346334273,0.153049117206,0.0456299785198
mesquite-l6,56,-0.0713712161865,-0.0241765413906,-0.0363461286263,-0.0121622306221,0.00115877878782,0.151803915196,0.0471946747959
mesquite-l6,57,-0.07383119548,-0.0250500063919,-0.0376233562061,-0.012604439139,0.0011841833949,0.150585442855,0.0487811890881
mesquite-l6,58,-0.0763277414555,-0.0259385188401,-0.0389213047078,-0.0130544690005,0.00120969629798,0.149392513382,0.0503892226154
mesquite-l6,59,-0.0788605187421,-0.0268420452935,-0.0402398834824,-0.013512313961,0.00123530999357,0.14822400515,0.0520184734487
mesquite-l6,60,-0.0814291876392,-0.0277605515432,-0.0415790004592,-0.0139779675602,0.00126100934752,0.147078858191,0.0536686360959
mesquite-l6,61,-0.0840334037091,-0.0286940035067,-0.0429385619037,-0.014451423575,0.00128681158392,0.145956082622,0.0553394002024
mesquite-l6,62,-0.0866728186507,-0.0296423655901,-0.0443184728429,-0.0149326751892,0.00131268592985,0.144854728771,0.0570304530606
mesquite-l6,63,-0.0893470797222,-0.0306056021605,-0.0457186367335,-0.0154217157384,0.0013386340134,0.143773908766,0.0587414775618
mesquite-l6,64,-0.092055829915,-0.0315836770477,-0.0471389555213,-0.0159185384572,0.00136464947933,0.142712780377,0.0604721528673
mesquite-l6,65,-0.0947987082721,-0.0325765533324,-0.0485793297768,-0.0164231363703,0.00139072386072,0.141670545155,0.0622221549397
mesquite-l6,66,-0.0975753496402,-0.0335841938024,-0.0500396585332,-0.0169355025241,0.00141685809862,0.140646451133,0.0639911558378
mesquite-l6,67,-0.100385385056,-0.0346065603955,-0.051519839457,-0.0174556297019,0.00144303921671,0.139639778718,0.0657788246608
mesquite-l6,68,-0.103228441602,-0.0356436146561,-0.0530197687394,-0.0179835106558,0.00146926371784,0.138649849476,0.0675848269455
mesquite-l6,69,-0.106104142475,-0.0366953176262,-0.0545393411016,-0.0185191380502,0.00149552577006,0.137676018322,0.0694088248492
mesquite-l6,70,-0.10901210725,-0.0377616296669,-0.0560784498963,-0.0190625043699,0.00152181900661,0.136717671821,0.0712504775828
mesquite-l6,71,-0.11195195167,-0.0388425107908,-0.0576369869684,-0.0196136020888,0.00154813979049,0.135774228639,0.0731094408792
mesquite-l6,72,-0.114923288072,-0.0399379202213,-0.0592148428427,-0.0201724234445,0.00157448052616,0.134845133107,0.0749853678511
mesquite-l6,73,-0.117925725102,-0.041047816858,-0.0608119065397,-0.0207389606739,0.00160083635847,0.133929858099,0.0768779082444
mesquite-l6,74,-0.120958868097,-0.0421721588984,-0.0624280657449,-0.0213132058204,0.00162720181651,0.133027901144,0.0787867091988
mesquite-l6,75,-0.1240223189,-0.0433109041491,-0.0640632066746,-0.0218951508908,0.00165357126307,0.132138783205,0.0807114147507
mesquite-l6,76,-0.12711567606,-0.0444640098897,-0.0657172141479,-0.0224847877857,0.0016799399991,0.131262048298,0.0826516661708
mesquite-l6,77,-0.130238535076,-0.0456314326695,-0.0673899716794,-0.0230821081941,0.00170630208751,0.130397260558,0.0846071024062
mesquite-l6,78,-0.133390488015,-0.046813128862,-0.069081361243,-0.023687103876,0.00173265238591,0.1295440044,0.0865773591528
mesquite-l6,79,-0.1365711243,-0.0480090538229,-0.0707912636549,-0.0242997662309,0.00175898585515,0.128701883084,0.0885620704772
mesquite-l6,80,-0.139780030001,-0.0492191628277,-0.072519558158,-0.0249200867763,0.00178529716466,0.12787051746,0.0905608671729
mesquite-l6,81,-0.143016788374,-0.0504434105298,-0.0742661226757,-0.0255480568698,0.00181158135787,0.127049545382,0.0925733778444
mesquite-l6,82,-0.146280980042,-0.0516817508422,-0.0760308338705,-0.0261836676468,0.00183783328403,0.126238620201,0.0945992291997
mesquite-l6,83,-0.149572182622,-0.0529341374785,-0.0778135669084,-0.0268269102973,0.00186404795233,0.125437410741,0.0966380451433
mesquite-l6,84,-0.152889971281,-0.0542005233891,-0.0796141957208,-0.0274777757753,0.00189022041712,0.12464559983,0.0986894478922
mesquite-l6,85,-0.156233918504,-0.0554808611448,-0.0814325928401,-0.028136254995,0.00191634570791,0.12386288386,0.100753057359
mesquite-l6,86,-0.159603594335,-0.0567751027291,-0.0832686294964,-0.0288023387225,0.00194241902791,0.123088972371,0.102828491605
mesquite-l6,87,-0.162998566286,-0.058083199782,-0.0851221755262,-0.0294760177008,0.00196843556421,0.122323586616,0.104915366504
mesquite-l6,88,-0.166418399686,-0.0594051032446,-0.0869930995256,-0.0301572824652,0.00199439044288,0.121566459861,0.107013296442
mesquite-l6,89,-0.169862657563,-0.0607407636288,-0.0888812687489,-0.0308461234813,0.00202027904564,0.120817336188,0.109121893935
mesquite-l6,90,-0.173330900771,-0.0620901309565,-0.0907865491374,-0.0315425311127,0.00204609670418,0.120075970284,0.111240769814
mesquite-l6,91,-0.176822688076,-0.0634531547614,-0.0927088053308,-0.0322464956206,0.0020718387275,0.119342126763,0.113369533314
mesquite-l6,92,-0.180337576182,-0.0648297841702,-0.0946479006386,-0.0329580072045,0.00209750057123,0.118615579806,0.115507792012
mesquite-l6,93,-0.183875120088,-0.0662199675446,-0.0966036972003,-0.0336770558165,0.00212307770646,0.117896112624,0.117655152543
mesquite-l6,94,-0.187434872743,-0.0676236530458,-0.0985760557557,-0.0344036314514,0.00214856575348,0.117183517101,0.119811219697
mesquite-l6,95,-0.191016385441,-0.0690407882323,-0.100564835823,-0.0351377239379,0.0021739601571,0.116477593351,0.121975597209
mesquite-l6,96,-0.194619207826,-0.0704713201659,-0.102569895661,-0.0358793229921,0.00219925660934,0.115778149382,0.12414788766
mesquite-l6,97,-0.198242887896,-0.0719151955151,-0.104591092235,-0.0366284182701,0.00222445073699,0.115085000774,0.126327692381
mesquite-l6,98,-0.201886972279,-0.0733723603194,-0.106628281329,-0.037384999244,0.00224953838123,0.114397970144,0.12851461196
mesquite-l6,99,-0.205551006142,-0.0748427602079,-0.108681317453,-0.0381490553146,0.00227451526567,0.113716887154,0.130708245934
mesquite-l6,100,-0.209234533181,-0.076326340547,-0.110750053799,-0.0389205758872,0.0022993772008,0.113041587921,0.132908192634
mesquite-l7,1,-9.88978696381e-06,-7.74246137314e-07,-4.9449057079e-06,-3.87123143542e-07,0.000201510899579,0.819805184908,9.1155408265e-06
mesquite-l7,2,-3.20661400983e-05,-6.74823052149e-06,-1.60331985809e-05,-3.37412095308e-06,0.0238183918186,0.563390209303,2.53179095768e-05
mesquite-l7,3,-6.50378463614e-05,-1.61457819576e-05,-3.25194519381e-05,-8.07292356486e-06,0.0187716708664,0.466100020088,4.88920644037e-05
mesquite-l7,4,-0.000109558638131,-2.84406720061e-05,-5.47808195346e-05,-1.42204371135e-05,0.0165737836251,0.420995140178,8.11179661248e-05
mesquite-l7,5,-0.000169004420133,-3.39187292171e-05,-8.45057806802e-05,-1.69595084211e-05,0.0158827602686,0.440932885803,0.000135085690916
mesquite-l7,6,-0.000233425930564,-6.32555905797e-05,-0.000116719777035,-3.16282954644e-05,0.0118839025659,0.371338404024,0.000170170339984
mesquite-l7,7,-0.000312821478469,-8.62797014362e-05,-0.000156422973308,-4.31407812815e-05,0.00998601025491,0.353310223955,0.000226541777033
mesquite-l7,8,-0.000403878790275,-0.000113211568557,-0.000201959789016,-5.66073864764e-05,0.0084283146245,0.337610029428,0.000290667221719
mesquite-l7,9,-0.000506605168,-0.00014409312726,-0.000253334673229,-7.20491591706e-05,0.00713561672781,0.323761899551,0.000362512040741
mesquite-l7,10,-0.000622317679732,-0.000175127930172,-0.000311207264847,-8.75677991455e-05,0.00673852560778,0.318938256623,0.000447189749561
mesquite-l7,11,-0.000747069573173,-0.000217816780148,-0.000373604576777,-0.000108914321239,0.00514445786561,0.300346545707,0.000529252793026
mesquite-l7,12,-0.000884801297499,-0.000260672378353,-0.000442498551234,-0.000130344684045,0.00437841699821,0.290386860523,0.000624128919146
mesquite-l7,13,-0.00103419139567,-0.000307527238996,-0.00051722946099,-0.000153775442941,0.00374828170357,0.281377887838,0.000726664156669
mesquite-l7,14,-0.00119523254505,-0.000358376423573,-0.000597794951925,-0.000179204268871,0.0032168635129,0.273203346313,0.000836856121473
mesquite-l7,15,-0.00136840058601,-0.000411868646987,-0.000684434518308,-0.000205955532334,0.00304181942278,0.267209620275,0.000956531939019
mesquite-l7,16,-0.00155223435583,-0.000472058899579,-0.000776418590832,-0.000236057311316,0.00237846575422,0.2589254864,0.00108017545626
mesquite-l7,17,-0.00174817692813,-0.000534887372773,-0.000874470813669,-0.000267479459017,0.00204687567872,0.252655236894,0.00121328955536
mesquite-l7,18,-0.00195573462141,-0.000601705571788,-0.000978345891044,-0.000300898055714,0.00177123713074,0.24687023553,0.00135402904962
mesquite-l7,19,-0.00217489785609,-0.000672510790957,-0.00108804084448,-0.000336311948342,0.00153493570405,0.241515613026,0.00150238706513
mesquite-l7,20,-0.00240582851882,-0.000746838027898,-0.00120363863239,-0.000373488760876,0.00144700357884,0.236859011121,0.00165899049092
mesquite-l7,21,-0.00264800147749,-0.000826080843419,-0.00132487839012,-0.000413125758155,0.00115581709611,0.231905178603,0.00182192063407
mesquite-l7,22,-0.00290192170697,-0.000908843614311,-0.0014520150273,-0.00045452510369,0.00100318836968,0.227571767322,0.00199307809265
mesquite-l7,23,-0.00316740711189,-0.000995590803489,-0.00158495960442,-0.000497919363591,0.000875888585568,0.223509264167,0.0021718163084
mesquite-l7,24,-0.00344444720183,-0.00108632131205,-0.0017237091876,-0.000543308247949,0.000765774372783,0.219691093826,0.00235812588978
mesquite-l7,25,-0.00373309096955,-0.00118087745973,-0.00186829073992,-0.000590613141807,0.000718826666365,0.216167335871,0.00255221350982
mesquite-l7,26,-0.00403314820992,-0.0012797308279,-0.00201861150116,-0.000640070258917,0.000588498521116,0.212695690777,0.00275341738202
mesquite-l7,27,-0.00434478690464,-0.00138240854341,-0.00217475823902,-0.000691443318638,0.000517047057624,0.209479976125,0.00296237836123
mesquite-l7,28,-0.00466793578009,-0.00148906751471,-0.00233669796874,-0.000744811129165,0.000458102883198,0.206430277718,0.00317886826538
mesquite-l7,29,-0.00500258305157,-0.00159970690951,-0.0025044276046,-0.000800173593643,0.000407538341671,0.203532723871,0.00340287614207
mesquite-l7,30,-0.00534873712293,-0.00171427334616,-0.00267795428103,-0.000857504329918,0.000383630745858,0.200792786,0.00363446377677
mesquite-l7,31,-0.00570632403014,-0.00183292435174,-0.00285724393653,-0.00091688251264,0.000328700313861,0.19814562447,0.00387339967841
mesquite-l7,32,-0.00607539255934,-0.00195550077849,-0.00304232414778,-0.000978228855094,0.00029847118604,0.195635232137,0.00411989178084
mesquite-l7,33,-0.00645590909563,-0.00208205458047,-0.0032331812784,-0.00104156972398,0.000274994693474,0.193234812214,0.00437385451516
mesquite-l7,34,-0.00684786020881,-0.00221258476075,-0.00342981190927,-0.00110690499971,0.000256160349962,0.190936479753,0.00463527544807
mesquite-l7,35,-0.00725123907908,-0.00234707279375,-0.00363221603621,-0.00117422579999,0.000247720987251,0.188737562634,0.00490416628533
mesquite-l7,36,-0.00766601062887,-0.00248557030885,-0.00384037957207,-0.00124355837314,0.000230933369101,0.186618175192,0.00518044032002
mesquite-l7,37,-0.00809218126917,-0.00262802349904,-0.00405430934673,-0.00131487619923,0.000223288138016,0.184585910916,0.00546415777014
mesquite-l7,38,-0.00852972913511,-0.00277444878973,-0.00427399809742,-0.00138818792773,0.00021887515046,0.182630959699,0.00575528034538
mesquite-l7,39,-0.00897863897625,-0.00292484493582,-0.00449944197718,-0.00146349337434,0.000216615483363,0.180748483905,0.00605379404042
mesquite-l7,40,-0.00943889751277,-0.00307920486219,-0.00473063822539,-0.00154078944716,0.000217582987238,0.178935190854,0.00635969265058
mesquite-l7,41,-0.00991048167989,-0.00323754467353,-0.0049675792618,-0.00162008467394,0.000217315951933,0.17718360349,0.00667293700636
mesquite-l7,42,-0.0103933821522,-0.00339984555466,-0.00521026450419,-0.00170137010745,0.000219545303145,0.175493417897,0.00699353659752
mesquite-l7,43,-0.0108875798129,-0.00356611190023,-0.00545868854676,-0.00178464843513,0.000222860645425,0.17386006131,0.00732146791263
mesquite-l7,44,-0.0113930575199,-0.00373634222653,-0.00571284707078,-0.00186991941257,0.000226874304902,0.172280375165,0.00765671529337
mesquite-l7,45,-0.0119097985406,-0.00391053309645,-0.0059727360583,-0.00195718182858,0.000231698784966,0.170751731922,0.00799926544413
mesquite-l7,46,-0.0124377826025,-0.00408868868323,-0.00623834980538,-0.00204643829647,0.000236531378765,0.169270546586,0.00834909391923
mesquite-l7,47,-0.0129769937906,-0.00427080162438,-0.006509684894,-0.00213768566218,0.000241936156879,0.167835194341,0.0087061921662
mesquite-l7,48,-0.0135274126425,-0.0044568721852,-0.00678673621547,-0.00223092460489,0.000247671320885,0.166443051093,0.00907054045728
mesquite-l7,49,-0.0140890201198,-0.00464689865186,-0.00706949896771,-0.00232615482406,0.000253629533977,0.165091950942,0.0094421214679
mesquite-l7,50,-0.0146617970644,-0.00484087864468,-0.00735796838155,-0.00242337569722,0.000259805524746,0.163779951043,0.00982091841971
mesquite-l7,51,-0.0152457228631,-0.00503881227435,-0.00765213904756,-0.00252258786193,0.000266093033455,0.162504938212,0.0102069105888
mesquite-l7,52,-0.0158407781378,-0.00524069580745,-0.00795200627076,-0.00262379004082,0.000272534244329,0.161265380887,0.0106000823303
mesquite-l7,53,-0.0164469420525,-0.00544652800853,-0.00825756471376,-0.00272698222028,0.000279101462817,0.160059554496,0.011000414044
mesquite-l7,54,-0.0170641936692,-0.00565630695914,-0.00856880907911,-0.00283216405619,0.000285766124009,0.158885915231,0.01140788671
mesquite-l7,55,-0.0176925117601,-0.00587003049565,-0.00888573401455,-0.00293933509322,0.00029251846936,0.157743034502,0.0118224812645
mesquite-l7,56,-0.0183318743641,-0.00608769724275,-0.00920833388854,-0.00304849528312,0.000299355868036,0.156629492082,0.0122441771213
mesquite-l7,57,-0.0189822596685,-0.00630930455323,-0.00953660323489,-0.00315964395156,0.000306263229375,0.155544068422,0.0126729551153
mesquite-l7,58,-0.019643645153,-0.00653485054758,-0.00987053632013,-0.00327278082094,0.00031324160544,0.154485539081,0.0131087946054
mesquite-l7,59,-0.0203160079984,-0.00676433311243,-0.0102101273495,-0.00338790550808,0.000320282892266,0.153452769221,0.013551674886
mesquite-l7,60,-0.0209993250328,-0.00699775003803,-0.010555370439,-0.00350501759318,0.000327381927476,0.152444693422,0.0140015749948
mesquite-l7,61,-0.0216935726257,-0.00723509931632,-0.0109062595616,-0.00362411676934,0.000334543956043,0.151460285328,0.0144584733093
mesquite-l7,62,-0.0223987269232,-0.00747637852388,-0.0112627886659,-0.00374520253295,0.000341757903911,0.15049860512,0.0149223483993
mesquite-l7,63,-0.0231147635971,-0.00772158545768,-0.0116249515478,-0.00386827450265,0.00034902571614,0.149558743834,0.0153931781394
mesquite-l7,64,-0.0238416579767,-0.00797071781182,-0.0119927419177,-0.00399333225717,0.000356344649972,0.148639845833,0.0158709401649
mesquite-l7,65,-0.0245793850428,-0.00822377321233,-0.0123661533963,-0.00412037535269,0.000363712221986,0.147741101703,0.0163556118305
mesquite-l7,66,-0.0253279193706,-0.00848074933648,-0.0127451794854,-0.00424940338279,0.000371130987432,0.146861738472,0.0168471700341
mesquite-l7,67,-0.0260872352084,-0.00874164371164,-0.0131298136069,-0.00438041587745,0.000378595713998,0.146001030384,0.0173455914968
mesquite-l7,68,-0.0268573064391,-0.00900645387997,-0.0135200490832,-0.00451341238567,0.000386106956061,0.145158282985,0.0178508525592
mesquite-l7,69,-0.0276381065683,-0.0092751773486,-0.0139158791301,-0.00464839245049,0.000393663430952,0.144332837367,0.0183629292197
mesquite-l7,70,-0.0284296087388,-0.00954781158507,-0.0143172968641,-0.00478535560668,0.000401263785879,0.14352406718,0.0188817971537
mesquite-l7,71,-0.0292317857476,-0.00982435402243,-0.01472429531,-0.00492430138327,0.000408908633819,0.142731374771,0.0194074317252
mesquite-l7,72,-0.0300446100238,-0.0101048020424,-0.0151368673891,-0.00506522929508,0.000416595584543,0.141954193053,0.0199398079814
mesquite-l7,73,-0.0308680536524,-0.0103891529925,-0.0155550059309,-0.00520813885141,0.000424324408314,0.141191980089,0.0204789006598
mesquite-l7,74,-0.0317020883556,-0.0106774041875,-0.0159787036632,-0.00535302955648,0.000432094257058,0.140444219257,0.0210246841681
mesquite-l7,75,-0.0325466854937,-0.010969552911,-0.0164079532112,-0.00549990091051,0.000439904205262,0.139710417801,0.0215771325827
mesquite-l7,76,-0.0334018160864,-0.0112655964034,-0.0168427471083,-0.00564875240356,0.000447754041088,0.138990104683,0.022136219683
mesquite-l7,77,-0.0342674508074,-0.0115655318554,-0.0172830777927,-0.00579958351216,0.000455642496464,0.138282830454,0.022701918952
mesquite-l7,78,-0.0351435599621,-0.0118693564444,-0.0177289375952,-0.00595239371769,0.000463569046404,0.13758816512,0.0232742035177
mesquite-l7,79,-0.0360301135253,-0.012177067293,-0.0181803187577,-0.00610718248547,0.000471532984196,0.136905697367,0.0238530462322
mesquite-l7,80,-0.0369270811086,-0.0124886615022,-0.0186372134162,-0.0062639492814,0.000479533534219,0.136235033609,0.0244384196063
mesquite-l7,81,-0.0378344320011,-0.0128041361162,-0.0190996136208,-0.00642269355436,0.00048757022596,0.135575796957,0.0250302958848
mesquite-l7,82,-0.0387521351368,-0.0131234881513,-0.019567511318,-0.00658341475055,0.000495642172762,0.134927626356,0.0256286469854
mesquite-l7,83,-0.039680159094,-0.0134467146025,-0.0200408983504,-0.00674611231693,0.000503748784051,0.134290175731,0.0262334444916
mesquite-l7,84,-0.0406184721405,-0.013773812398,-0.0205197664784,-0.00691078567837,0.000511889386545,0.133663113168,0.0268446597425
mesquite-l7,85,-0.0415670421803,-0.0141047784542,-0.021004107353,-0.00707743426498,0.000520063305498,0.133046120292,0.0274622637261
mesquite-l7,86,-0.042525836791,-0.0144396096408,-0.0214939125335,-0.00724605749503,0.000528269953121,0.132438891371,0.0280862271502
mesquite-l7,87,-0.0434948232017,-0.0147783028031,-0.0219891734759,-0.00741665478566,0.000536508620801,0.1318411329,0.0287165203986
mesquite-l7,88,-0.0444739683425,-0.0151208547159,-0.0224898815575,-0.00758922553003,0.000544778706436,0.131252562915,0.0293531136266
mesquite-l7,89,-0.0454632387553,-0.0154672621722,-0.0229960280303,-0.00776376914172,0.000553079541637,0.130672910352,0.0299959765832
mesquite-l7,90,-0.046462600713,-0.0158175218684,-0.0235076040813,-0.00794028499711,0.000561410518848,0.130101914575,0.0306450788447
mesquite-l7,91,-0.0474720201088,-0.0161716305145,-0.0240246007756,-0.00811877249064,0.000569771009474,0.12953932494,0.0313003895943
mesquite-l7,92,-0.0484914625388,-0.0165295847543,-0.0245470090972,-0.00829923099473,0.000578160392194,0.128984900151,0.0319618777845
mesquite-l7,93,-0.0495208932779,-0.0168913811909,-0.0250748199364,-0.00848165987256,0.000586578038265,0.128438407881,0.032629512087
mesquite-l7,94,-0.0505602772361,-0.0172570164327,-0.0256080240663,-0.00866605850131,0.000595023344944,0.127899624512,0.0333032608034
mesquite-l7,95,-0.0516095790519,-0.0176264870005,-0.0261466121905,-0.00885242622527,0.000603495695891,0.127368334495,0.0339830920514
mesquite-l7,96,-0.0526687629939,-0.0179997894297,-0.026690574891,-0.0090407624073,0.000611994481416,0.126844330086,0.0346689735642
mesquite-l7,97,-0.0537377930724,-0.0183769201581,-0.0272399026853,-0.00923106637224,0.000620519097909,0.126327411082,0.0353608729143
mesquite-l7,98,-0.0548166329149,-0.0187578756548,-0.0277945859619,-0.00942333747197,0.000629068959939,0.12581738427,0.0360587572601
mesquite-l7,99,-0.0559052459064,-0.0191426522796,-0.0283546150505,-0.00961757501439,0.000637643472718,0.125314063303,0.0367625936268
mesquite-l7,100,-0.0570035950348,-0.0195312464409,-0.0289199801431,-0.00981377834313,0.000646242022387,0.124817268308,0.0374723485939
mesquite-l8,1,-2.47250153551e-06,-1.31298463102e-07,-1.23625153192e-06,-6.56492337159e-08,9.8066178398e-05,0.870290596167,2.34120307241e-06
mesquite-l8,2,-8.018198427e-06,-1.59332513461e-06,-4.00910724996e-06,-7.96662884661e-07,0.0235683971024,0.597631801097,6.42487329235e-06
mesquite-l8,3,-1.62617085472e-05,-3.9399026579e-06,-8.13088732921e-06,-1.96995326929e-06,0.0185141546878,0.487250872574,1.23218058892e-05
mesquite-l8,4,-2.73933669479e-05,-7.01552444582e-06,-1.36967772748e-05,-3.5077683751e-06,0.0162607220299,0.435314565009,2.03778425021e-05
mesquite-l8,5,-4.22633735795e-05,-8.31665025436e-06,-2.11319100686e-05,-4.1583337731e-06,0.0156936159919,0.455864459659,3.39467233251e-05
mesquite-l8,6,-5.8364887068e-05,-1.5727674834e-05,-2.91828693539e-05,-7.86386833729e-06,0.011674840376,0.378344431278,4.2637212234e-05
mesquite-l8,7,-7.82180430869e-05,-2.14917352056e-05,-3.91097863311e-05,-1.07459253402e-05,0.00984780001912,0.35831663179,5.67263078814e-05
mesquite-l8,8,-0.00010098877333,-2.82324632015e-05,-5.04956615708e-05,-1.41163312362e-05,0.00831231280287,0.341261160228,7.27563101282e-05
mesquite-l8,9,-0.000126679585798,-3.59651725788e-05,-6.33417989908e-05,-1.7982747979e-05,0.00700296818718,0.326400645749,9.07144132193e-05
mesquite-l8,10,-0.000155621671204,-4.36983548613e-05,-7.78138631008e-05,-2.18494161291e-05,0.00669756142669,0.322058725236,0.000111923316343
mesquite-l8,11,-0.000186824717193,-5.44136914231e-05,-9.34167219384e-05,-2.72072158278e-05,0.00505181819856,0.301816944915,0.00013241102577
mesquite-l8,12,-0.000221279128699,-6.51360576095e-05,-0.000110645685583,-3.25685591602e-05,0.00431774480431,0.291503201863,0.000156143071089
mesquite-l8,13,-0.000258654041681,-7.68572018223e-05,-0.000129335384662,-3.84293393182e-05,0.00369374317974,0.28224504934,0.000181796839859
mesquite-l8,14,-0.000298948583512,-8.95779696771e-05,-0.000149485464708,-4.478998791e-05,0.00315450129511,0.273880688103,0.000209370613835
mesquite-l8,15,-0.000342283374264,-0.000102943338489,-0.000171156334377,-5.14729939793e-05,0.00304041060584,0.268043375408,0.000239340035774
mesquite-l8,16,-0.000388292099256,-0.000118013970583,-0.000194164899632,-5.90087263063e-05,0.00233179287837,0.259376715953,0.000270278128674
mesquite-l8,17,-0.000437338897308,-0.000133729084559,-0.000218693362047,-6.68667778623e-05,0.00201616010182,0.253039669211,0.000303609812749
mesquite-l8,18,-0.00048930094523,-0.000150441944097,-0.000244680406866,-7.52238013584e-05,0.00174169214484,0.247209711395,0.000338859001134
mesquite-l8,19,-0.000544177170794,-0.000168152491909,-0.000272125611571,-8.40797806594e-05,0.00150125219694,0.241824015557,0.000376024678885
mesquite-l8,20,-0.000602009856275,-0.000186737700579,-0.000301050243762,-9.33732095678e-05,0.00145177740787,0.237225500546,0.000415272155696
mesquite-l8,21,-0.000662667916311,-0.000206565825406,-0.000331388867446,-0.000103288246934,0.00112797313779,0.232185904086,0.000456102090906
mesquite-l8,22,-0.000726280470253,-0.000227268635497,-0.000363206194496,-0.000113640774861,0.000982965520989,0.22784992116,0.000499011834756
mesquite-l8,23,-0.000792803229934,-0.000248968875692,-0.000396480213247,-0.000124492186998,0.000854611562835,0.223790432045,0.000543834354242
mesquite-l8,24,-0.000862235274479,-0.000271666632844,-0.000431210608534,-0.00013584254302,0.000741599421885,0.219979041385,0.000590568641635
mesquite-l8,25,-0.000934590866244,-0.000295319863789,-0.000467404666683,-0.000147670835232,0.000717240893704,0.216486768511,0.000639271002455
mesquite-l8,26,-0.00100982362211,-0.000320054664885,-0.000505039343426,-0.000160040138866,0.000563700876182,0.213006773789,0.00068976895723
mesquite-l8,27,-0.00108797818247,-0.00034574509006,-0.000544137133847,-0.000172887490072,0.00049415466671,0.209805965563,0.000742233092414
mesquite-l8,28,-0.00116903852341,-0.00037243314481,-0.000584690193014,-0.00018623391394,0.000431743010353,0.206773020091,0.000796605378597
mesquite-l8,29,-0.00125300378256,-0.000400118911364,-0.000626698266637,-0.000200079471579,0.000376921341916,0.203893556474,0.000852884871193
mesquite-l8,30,-0.00133987833776,-0.000428788151345,-0.000670163728589,-0.000214417063011,0.000363983539013,0.201179060324,0.000911090186411
mesquite-l8,31,-0.00142964559354,-0.00045848362306,-0.000715078465377,-0.000229268093459,0.000289720617902,0.198546208447,0.000971161970482
mesquite-l8,32,-0.00152232040604,-0.000489162623523,-0.000761450106154,-0.000244611229088,0.000255612391932,0.196057103673,0.00103315778252
mesquite-l8,33,-0.00161789664827,-0.000520839384516,-0.000809275787787,-0.0002604536103,0.000224836756617,0.193678822847,0.00109705726376
mesquite-l8,34,-0.00171637342307,-0.000553513915327,-0.000858555270111,-0.000276795265473,0.000198015653226,0.191403342621,0.00116285950774
mesquite-l8,35,-0.00181775161078,-0.000587181402955,-0.000909289208823,-0.000293633811885,0.000191098542516,0.189229752688,0.00123057020783
mesquite-l8,36,-0.00192202489446,-0.000621856221807,-0.000961474663994,-0.000310976464084,0.000155503723662,0.187132741189,0.00130016867265
mesquite-l8,37,-0.00202919771699,-0.000657523952439,-0.0010151140868,-0.000328816036212,0.00013913107383,0.185125224159,0.00137167376455
mesquite-l8,38,-0.00213926731681,-0.00069418935275,-0.0010702063292,-0.000347154934649,0.000124601297062,0.183195591251,0.00144507796406
mesquite-l8,39,-0.00225223270964,-0.000731852381508,-0.00112675113888,-0.000365993166253,0.000112242034531,0.181338965608,0.00152038032813
mesquite-l8,40,-0.00236809349866,-0.000770511383134,-0.00118474856391,-0.000385329931145,0.000109071747772,0.179552577998,0.00159758211552
mesquite-l8,41,-0.00248684682325,-0.000810171125434,-0.00124419742524,-0.000405167643127,9.36376422124e-05,0.1778273293,0.00167667569781
mesquite-l8,42,-0.00260849346789,-0.000850826722488,-0.00130509837483,-0.000425503888023,8.70036535192e-05,0.176164504922,0.0017576667454
mesquite-l8,43,-0.00273303175083,-0.000892479713235,-0.00136745083631,-0.000446339466077,8.15486647971e-05,0.174558992713,0.0018405520376
mesquite-l8,44,-0.00286046057726,-0.000935130024404,-0.0014312545334,-0.000467674371861,7.72899719263e-05,0.173007621102,0.00192533055285
mesquite-l8,45,-0.00299077903527,-0.000978777044113,-0.00149650928766,-0.00048950833126,7.67409762096e-05,0.171507919475,0.00201200199115
mesquite-l8,46,-0.00312398536347,-0.00102342229885,-0.00156321450152,-0.000511842140612,7.20500587108e-05,0.170055810155,0.00210056306462
mesquite-l8,47,-0.00326007901719,-0.00106906409166,-0.00163137019295,-0.000534674984499,7.07165022475e-05,0.168650147872,0.00219101492553
mesquite-l8,48,-0.00339905860218,-0.001115702867,-0.0017009759607,-0.000558007119472,6.9977876137e-05,0.167288144029,0.00228335573518
mesquite-l8,49,-0.00354092290501,-0.00116333852881,-0.00177203150032,-0.000581838532446,6.97392813792e-05,0.165967626796,0.0023775843762
mesquite-l8,50,-0.0036856707574,-0.00121197080205,-0.00184453653622,-0.000606169121525,7.06684888076e-05,0.164686700493,0.00247369995535
mesquite-l8,51,-0.00383330068966,-0.00126160011765,-0.00191849064801,-0.000630999138783,7.0529430129e-05,0.163443099418,0.00257170057201
mesquite-l8,52,-0.00398381162449,-0.00131222583435,-0.00199389361812,-0.000656328300592,7.13707754415e-05,0.162235437325,0.00267158579014
mesquite-l8,53,-0.00413720218306,-0.00136384802005,-0.00207074508413,-0.000682156678893,7.24193305259e-05,0.161061938132,0.00277335416301
mesquite-l8,54,-0.00429347102927,-0.00141646656172,-0.00214904471122,-0.000708484255832,7.3633964649e-05,0.159921054471,0.00287700446754
mesquite-l8,55,-0.00445261682756,-0.00147008128494,-0.00222879217105,-0.000735310983589,7.51557330212e-05,0.15881137154,0.00298253554262
mesquite-l8,56,-0.00461463812482,-0.00152469224567,-0.00230998708257,-0.000762636930381,7.64486592308e-05,0.157731420361,0.00308994587915
mesquite-l8,57,-0.00477953358137,-0.00158029914541,-0.00239262912776,-0.000790461987781,7.79961763373e-05,0.156680025074,0.00319923443596
mesquite-l8,58,-0.00494730174037,-0.00163690191805,-0.00247671793605,-0.000818786164416,7.96088656649e-05,0.155655944263,0.00331039982232
mesquite-l8,59,-0.00511794114475,-0.00169450043345,-0.00256225314296,-0.000847609437605,8.12853230088e-05,0.154658040438,0.0034234407113
mesquite-l8,60,-0.00529145031888,-0.00175309454282,-0.00264923438084,-0.000876931776082,8.30397070843e-05,0.153685251717,0.00353835577606
mesquite-l8,61,-0.0054678277323,-0.00181268416921,-0.00273766126074,-0.000906753185277,8.4760477303e-05,0.152736535116,0.00365514356309
mesquite-l8,62,-0.00564707187654,-0.00187326911769,-0.00282753341086,-0.000937073612325,8.65528611706e-05,0.151810963361,0.00377380275884
mesquite-l8,63,-0.00582918118522,-0.00193484926975,-0.00291885043655,-0.000967893043349,8.8370170851e-05,0.150907621152,0.00389433191547
mesquite-l8,64,-0.00601415407987,-0.0019974244797,-0.00301161194318,-0.000999211451614,9.02202931842e-05,0.150025650779,0.00401672960016
mesquite-l8,65,-0.00620198895417,-0.0020609945999,-0.00310581752834,-0.00103102881016,9.2095028314e-05,0.149164243021,0.00414099435426
mesquite-l8,66,-0.00639268417114,-0.0021255594995,-0.00320146678034,-0.00106334510115,9.39764690867e-05,0.148322618427,0.00426712467164
mesquite-l8,67,-0.00658623808181,-0.00219111901078,-0.00329855928759,-0.00109616028908,9.58854577656e-05,0.14750005438,0.00439511907103
mesquite-l8,68,-0.00678264900392,-0.00225767298695,-0.00339709462792,-0.00112947434963,9.78095801208e-05,0.146695853167,0.00452497601698
mesquite-l8,69,-0.00698191523305,-0.00232522127174,-0.00349707237412,-0.00116328725449,9.97546545946e-05,0.145909354273,0.00465669396131
mesquite-l8,70,-0.00718403503859,-0.002393763708,-0.00359849209196,-0.00119759897565,0.000101713779472,0.14513993047,0.00479027133059
mesquite-l8,71,-0.00738900666643,-0.00246330013851,-0.0037013533415,-0.00123240948582,0.000103686184768,0.144386981024,0.00492570652793
mesquite-l8,72,-0.00759682833816,-0.00253383039656,-0.00380565567665,-0.0012677187537,0.000105674895513,0.143649938768,0.0050629979416
mesquite-l8,73,-0.00780749825094,-0.00260535431785,-0.00391139864515,-0.00130352674992,0.000107676865988,0.142928259834,0.00520214393309
mesquite-l8,74,-0.00802101457697,-0.00267787173395,-0.00401858178828,-0.0013398334438,0.000109694499962,0.142221426114,0.00534314284302
mesquite-l8,75,-0.00823737546366,-0.00275138247487,-0.0041272046409,-0.00137663880463,0.000111724298779,0.141528943581,0.00548599298879
mesquite-l8,76,-0.00845657903142,-0.00282588637118,-0.00423726673038,-0.00141394280272,0.000113767818927,0.140850339283,0.00563069266024
mesquite-l8,77,-0.0086786233821,-0.00290138324337,-0.00434876758079,-0.00145174540404,0.000115824110759,0.140185162786,0.00577724013873
mesquite-l8,78,-0.00890350659024,-0.00297787291396,-0.0044617067085,-0.00149004657638,0.000117893300553,0.13953298253,0.00592563367628
mesquite-l8,79,-0.00913122670175,-0.0030553552058,-0.00457608362153,-0.00152884628839,0.000119975723982,0.138893385774,0.00607587149594
mesquite-l8,80,-0.00936178174245,-0.00313382993605,-0.00469189782382,-0.00156814450662,0.000122069774551,0.138265977665,0.00622795180639
mesquite-l8,81,-0.00959516971672,-0.00321329691647,-0.00480914881452,-0.00160794119568,0.000124177004965,0.137650379689,0.00638187280026
mesquite-l8,82,-0.00983138859577,-0.00329375596392,-0.00492783608211,-0.00164823632345,0.000126295663101,0.137046229637,0.00653763263184
mesquite-l8,83,-0.010070436334,-0.00337520688677,-0.00504795911261,-0.00168902985431,0.000128426828273,0.136453179963,0.00669522944723
mesquite-l8,84,-0.0103123108608,-0.00345764949072,-0.00516951738539,-0.00173032175204,0.000130570003552,0.13587089737,0.00685466137007
mesquite-l8,85,-0.0105570100761,-0.00354108358444,-0.00529251037107,-0.00177211198266,0.00013272448963,0.135299062187,0.00701592649168
mesquite-l8,86,-0.0108045318607,-0.00362550896929,-0.00541693753649,-0.00181440050925,0.000134891375594,0.134737367247,0.00717902289142
mesquite-l8,87,-0.0110548740665,-0.00371092544821,-0.00554279833996,-0.00185718729643,0.000137069140692,0.134185517785,0.00734394861827
mesquite-l8,88,-0.0113080345275,-0.00379733281625,-0.00567009223674,-0.00190047230562,0.000139258856404,0.133643230424,0.00751070171125
mesquite-l8,89,-0.0115640110484,-0.00388473087036,-0.00579881867321,-0.0019442554999,0.000141459836392,0.133110232776,0.00767928017806
mesquite-l8,90,-0.0118228014113,-0.00397311940412,-0.0059289770903,-0.00198853684145,0.000143671842827,0.132586262925,0.00784968200714
mesquite-l8,91,-0.0120844033744,-0.00406249820803,-0.00606056692291,-0.00203331629159,0.000145895475281,0.132071068751,0.00802190516637
mesquite-l8,92,-0.0123488146694,-0.00415286707249,-0.00619358759839,-0.00207859381236,0.000148129667916,0.131564407738,0.00819594759696
mesquite-l8,93,-0.0126160330068,-0.00424422578326,-0.00632803853925,-0.00212436936423,0.000150375215219,0.131066046242,0.00837180722349
mesquite-l8,94,-0.0128860560705,-0.00433657412533,-0.00646391916068,-0.00217064290798,0.000152631493303,0.130575759224,0.00854948194512
mesquite-l8,95,-0.0131588815259,-0.00442991187656,-0.00660122887428,-0.00221741440159,0.00015489845662,0.130093329889,0.00872896964935
mesquite-l8,96,-0.0134345070093,-0.00452423881726,-0.00673996708279,-0.002264683805,0.000157176386911,0.129618549125,0.00891026819204
mesquite-l8,97,-0.013712930131,-0.00461955472694,-0.00688013318179,-0.00231245107846,0.000159464585577,0.129151215375,0.00909337540405
mesquite-l8,98,-0.013994148482,-0.00471585937865,-0.00702172656296,-0.00236071617977,0.000161763575079,0.128691134145,0.00927828910335
mesquite-l8,99,-0.0142781596257,-0.00481315254625,-0.00716474660984,-0.00240947906782,0.00016407285001,0.128238117739,0.00946500707944
mesquite-l8,100,-0.0145649611084,-0.00491143399495,-0.00730919270319,-0.00245873969793,0.000166392441794,0.127791984978,0.00965352711346
